141.384,141.369,141.429,141.444,
141.361,141.332,141.452,141.482,
141.339,141.294,141.474,141.519,
141.316,141.257,141.497,141.557,
141.293,141.219,141.519,141.594,
141.27,141.182,141.541,141.632,
141.248,141.144,141.564,141.669,
141.225,141.107,141.586,141.707,
141.202,141.069,141.608,141.744,
141.179,141.032,141.63,141.782,
141.156,140.995,141.651,141.819,
141.133,140.957,141.673,141.857,
141.11,140.92,141.695,141.894,
141.087,140.882,141.717,141.932,
141.064,140.845,141.738,141.969,
141.041,140.808,141.76,142.006,
141.018,140.77,141.781,142.044,
140.995,140.733,141.802,142.081,
140.971,140.696,141.824,142.119,
140.948,140.658,141.845,142.156,
140.925,140.621,141.866,142.193,
140.902,140.584,141.887,142.231,
140.879,140.546,141.908,142.268,
140.855,140.509,141.929,142.305,
140.832,140.472,141.949,142.343,
140.809,140.434,141.97,142.38,
140.785,140.397,141.991,142.417,
140.762,140.36,142.011,142.455,
140.738,140.323,142.032,142.492,
140.715,140.285,142.052,142.529,
140.691,140.248,142.073,142.567,
140.668,140.211,142.093,142.604,
140.644,140.174,142.113,142.641,
140.621,140.137,142.133,142.678,
140.597,140.099,142.153,142.716,
140.573,140.062,142.173,142.753,
140.55,140.025,142.193,142.79,
140.526,139.988,142.213,142.827,
140.502,139.951,142.233,142.865,
140.479,139.914,142.252,142.902,
140.455,139.877,142.272,142.939,
140.431,139.84,142.291,142.976,
140.407,139.802,142.311,143.013,
140.383,139.765,142.33,143.051,
140.359,139.728,142.35,143.088,
140.336,139.691,142.369,143.125,
140.312,139.654,142.388,143.162,
140.288,139.617,142.407,143.199,
140.264,139.58,142.426,143.236,
140.24,139.543,142.445,143.273,
140.216,139.506,142.464,143.311,
140.191,139.469,142.482,143.348,
140.167,139.432,142.501,143.385,
140.143,139.395,142.52,143.422,
140.119,139.358,142.538,143.459,
140.095,139.321,142.557,143.496,
140.071,139.284,142.575,143.533,
140.046,139.247,142.593,143.57,
140.022,139.21,142.612,143.607,
139.998,139.173,142.63,143.644,
139.973,139.137,142.648,143.681,
139.949,139.1,142.666,143.718,
139.925,139.063,142.684,143.755,
139.9,139.026,142.701,143.792,
139.876,138.989,142.719,143.829,
139.851,138.952,142.737,143.866,
139.827,138.915,142.755,143.903,
139.802,138.879,142.772,143.94,
139.778,138.842,142.79,143.977,
139.753,138.805,142.807,144.014,
139.729,138.768,142.824,144.051,
139.704,138.731,142.841,144.088,
139.679,138.695,142.859,144.125,
139.655,138.658,142.876,144.162,
139.63,138.621,142.893,144.199,
139.605,138.584,142.91,144.236,
139.58,138.548,142.927,144.273,
139.556,138.511,142.943,144.31,
139.531,138.474,142.96,144.347,
139.506,138.437,142.977,144.384,
139.481,138.401,142.993,144.421,
139.456,138.364,143.01,144.457,
139.431,138.327,143.026,144.494,
139.406,138.291,143.042,144.531,
139.381,138.254,143.059,144.568,
139.356,138.217,143.075,144.605,
139.331,138.181,143.091,144.642,
139.306,138.144,143.107,144.678,
139.281,138.107,143.123,144.715,
139.256,138.071,143.139,144.752,
139.231,138.034,143.155,144.789,
139.206,137.998,143.17,144.826,
139.18,137.961,143.186,144.862,
139.155,137.925,143.202,144.899,
139.13,137.888,143.217,144.936,
139.104,137.852,143.232,144.973,
139.079,137.815,143.248,145.009,
139.054,137.778,143.263,145.046,
139.028,137.742,143.278,145.083,
139.003,137.705,143.293,145.12,
138.978,137.669,143.308,145.156,
138.952,137.633,143.323,145.193,
138.927,137.596,143.338,145.23,
138.901,137.56,143.353,145.266,
138.876,137.523,143.368,145.303,
138.85,137.487,143.383,145.34,
138.824,137.45,143.397,145.376,
138.799,137.414,143.412,145.413,
138.773,137.377,143.426,145.45,
138.747,137.341,143.44,145.486,
138.722,137.305,143.455,145.523,
138.696,137.268,143.469,145.56,
138.67,137.232,143.483,145.596,
138.644,137.196,143.497,145.633,
138.618,137.159,143.511,145.669,
138.593,137.123,143.525,145.706,
138.567,137.087,143.539,145.743,
138.541,137.05,143.553,145.779,
138.515,137.014,143.566,145.816,
138.489,136.978,143.58,145.852,
138.463,136.941,143.593,145.889,
138.437,136.905,143.607,145.925,
138.411,136.869,143.62,145.962,
138.385,136.833,143.633,145.999,
138.359,136.797,143.647,146.035,
138.333,136.76,143.66,146.072,
138.306,136.724,143.673,146.108,
138.28,136.688,143.686,146.145,
138.254,136.652,143.699,146.181,
138.228,136.615,143.712,146.217,
138.201,136.579,143.724,146.254,
138.175,136.543,143.737,146.29,
138.149,136.507,143.75,146.327,
138.123,136.471,143.762,146.363,
138.096,136.435,143.775,146.4,
138.07,136.399,143.787,146.436,
138.043,136.363,143.799,146.473,
138.017,136.326,143.812,146.509,
137.99,136.29,143.824,146.545,
137.964,136.254,143.836,146.582,
137.937,136.218,143.848,146.618,
137.911,136.182,143.86,146.655,
137.884,136.146,143.872,146.691,
137.857,136.11,143.884,146.727,
137.831,136.074,143.895,146.764,
137.804,136.038,143.907,146.8,
137.777,136.002,143.918,146.836,
137.751,135.966,143.93,146.873,
137.724,135.93,143.941,146.909,
137.697,135.894,143.953,146.945,
137.67,135.858,143.964,146.982,
137.643,135.822,143.975,147.018,
137.617,135.786,143.986,147.054,
137.59,135.75,143.997,147.09,
137.563,135.714,144.008,147.127,
137.536,135.678,144.019,147.163,
137.509,135.643,144.03,147.199,
137.482,135.607,144.041,147.236,
137.455,135.571,144.051,147.272,
137.428,135.535,144.062,147.308,
137.4,135.499,144.072,147.344,
137.373,135.463,144.083,147.38,
137.346,135.427,144.093,147.417,
137.319,135.392,144.103,147.453,
137.292,135.356,144.114,147.489,
137.265,135.32,144.124,147.525,
137.237,135.284,144.134,147.561,
137.21,135.248,144.144,147.598,
137.183,135.213,144.154,147.634,
137.155,135.177,144.163,147.67,
137.128,135.141,144.173,147.706,
137.101,135.105,144.183,147.742,
137.073,135.07,144.193,147.778,
137.046,135.034,144.202,147.814,
137.018,134.998,144.212,147.85,
136.991,134.962,144.221,147.887,
136.963,134.927,144.23,147.923,
136.935,134.891,144.24,147.959,
136.908,134.855,144.249,147.995,
136.88,134.82,144.258,148.031,
136.853,134.784,144.267,148.067,
136.825,134.749,144.276,148.103,
136.797,134.713,144.285,148.139,
136.769,134.677,144.294,148.175,
136.742,134.642,144.303,148.211,
136.714,134.606,144.312,148.247,
136.686,134.57,144.32,148.283,
136.658,134.535,144.329,148.319,
136.63,134.499,144.337,148.355,
136.602,134.464,144.346,148.391,
136.574,134.428,144.354,148.427,
136.547,134.393,144.363,148.463,
136.519,134.357,144.371,148.499,
136.491,134.322,144.379,148.535,
136.462,134.286,144.387,148.571,
136.434,134.251,144.395,148.607,
136.406,134.215,144.403,148.643,
136.378,134.18,144.411,148.679,
136.35,134.144,144.419,148.715,
136.322,134.109,144.427,148.751,
136.294,134.073,144.435,148.786,
136.265,134.038,144.442,148.822,
136.237,134.003,144.45,148.858,
136.209,133.967,144.458,148.894,
136.181,133.932,144.465,148.93,
136.152,133.896,144.472,148.966,
136.124,133.861,144.48,149.002,
136.095,133.826,144.487,149.037,
136.067,133.791,144.494,149.073,
136.038,133.755,144.501,149.109,
136.01,133.72,144.508,149.145,
135.981,133.685,144.515,149.181,
135.953,133.649,144.522,149.217,
135.924,133.614,144.529,149.252,
135.896,133.579,144.536,149.288,
135.867,133.544,144.543,149.324,
135.838,133.509,144.549,149.36,
135.81,133.473,144.556,149.395,
135.781,133.438,144.562,149.431,
135.752,133.403,144.569,149.467,
135.724,133.368,144.575,149.503,
135.695,133.333,144.582,149.538,
135.666,133.298,144.588,149.574,
135.637,133.263,144.594,149.61,
135.608,133.228,144.6,149.645,
135.579,133.193,144.606,149.681,
135.55,133.158,144.612,149.717,
135.521,133.123,144.618,149.752,
135.492,133.088,144.624,149.788,
135.463,133.053,144.63,149.824,
135.434,133.018,144.635,149.859,
135.405,132.983,144.641,149.895,
135.376,132.948,144.647,149.931,
135.347,132.913,144.652,149.966,
135.318,132.878,144.657,150.002,
135.289,132.843,144.663,150.038,
135.26,132.808,144.668,150.073,
135.23,132.774,144.673,150.109,
135.201,132.739,144.678,150.144,
135.172,132.704,144.684,150.18,
135.142,132.669,144.689,150.215,
135.113,132.634,144.694,150.251,
135.084,132.6,144.698,150.287,
135.054,132.565,144.703,150.322,
135.025,132.53,144.708,150.358,
134.995,132.495,144.713,150.393,
134.966,132.461,144.717,150.429,
134.936,132.426,144.722,150.464,
134.907,132.391,144.726,150.5,
134.877,132.357,144.731,150.535,
134.848,132.322,144.735,150.571,
134.818,132.287,144.739,150.606,
134.789,132.253,144.744,150.642,
134.759,132.218,144.748,150.677,
134.73,132.184,144.753,150.713,
134.7,132.149,144.757,150.748,
134.67,132.115,144.761,150.783,
134.641,132.08,144.766,150.819,
134.612,132.046,144.77,150.854,
134.582,132.011,144.774,150.89,
134.553,131.977,144.779,150.925,
134.523,131.942,144.783,150.961,
134.494,131.908,144.787,150.996,
134.464,131.873,144.791,151.031,
134.435,131.839,144.796,151.067,
134.406,131.804,144.8,151.102,
134.376,131.77,144.804,151.137,
134.347,131.736,144.809,151.173,
134.317,131.701,144.813,151.208,
134.288,131.667,144.817,151.243,
134.259,131.633,144.821,151.279,
134.229,131.598,144.826,151.314,
134.2,131.564,144.83,151.349,
134.171,131.53,144.834,151.385,
134.142,131.496,144.838,151.42,
134.112,131.461,144.842,151.455,
134.083,131.427,144.847,151.49,
134.054,131.393,144.851,151.526,
134.025,131.359,144.855,151.561,
133.995,131.325,144.859,151.596,
133.966,131.29,144.863,151.631,
133.937,131.256,144.868,151.667,
133.908,131.222,144.872,151.702,
133.879,131.188,144.876,151.737,
133.849,131.154,144.88,151.772,
133.82,131.12,144.884,151.808,
133.791,131.086,144.888,151.843,
133.762,131.052,144.893,151.878,
133.733,131.018,144.897,151.913,
133.704,130.984,144.901,151.948,
133.675,130.95,144.905,151.983,
133.646,130.916,144.909,152.019,
133.617,130.882,144.913,152.054,
133.588,130.848,144.917,152.089,
133.559,130.814,144.921,152.124,
133.53,130.78,144.926,152.159,
133.501,130.746,144.93,152.194,
133.472,130.712,144.934,152.229,
133.443,130.678,144.938,152.264,
133.414,130.644,144.942,152.299,
133.385,130.611,144.946,152.335,
133.356,130.577,144.95,152.37,
133.327,130.543,144.954,152.405,
133.298,130.509,144.958,152.44,
133.269,130.475,144.962,152.475,
133.24,130.442,144.966,152.51,
133.211,130.408,144.97,152.545,
133.182,130.374,144.974,152.58,
133.154,130.341,144.978,152.615,
133.125,130.307,144.982,152.65,
133.096,130.273,144.986,152.685,
133.067,130.239,144.99,152.72,
133.038,130.206,144.994,152.755,
133.009,130.172,144.998,152.79,
132.981,130.139,145.002,152.825,
132.952,130.105,145.006,152.86,
132.923,130.071,145.01,152.895,
132.894,130.038,145.014,152.93,
132.866,130.004,145.018,152.965,
132.837,129.971,145.022,152.999,
132.808,129.937,145.026,153.034,
132.78,129.904,145.03,153.069,
132.751,129.87,145.034,153.104,
132.722,129.837,145.038,153.139,
132.694,129.803,145.042,153.174,
132.665,129.77,145.046,153.209,
132.636,129.736,145.049,153.244,
132.608,129.703,145.053,153.278,
132.579,129.67,145.057,153.313,
132.551,129.636,145.061,153.348,
132.522,129.603,145.065,153.383,
132.493,129.57,145.069,153.418,
132.465,129.536,145.073,153.453,
132.436,129.503,145.077,153.487,
132.408,129.47,145.08,153.522,
132.379,129.436,145.084,153.557,
132.351,129.403,145.088,153.592,
132.322,129.37,145.092,153.627,
132.294,129.337,145.096,153.661,
132.265,129.303,145.1,153.696,
132.237,129.27,145.103,153.731,
132.208,129.237,145.107,153.766,
132.18,129.204,145.111,153.8,
132.152,129.171,145.115,153.835,
132.123,129.138,145.119,153.87,
132.095,129.104,145.122,153.904,
132.066,129.071,145.126,153.939,
132.038,129.038,145.13,153.974,
132.01,129.005,145.134,154.009,
131.981,128.972,145.137,154.043,
131.953,128.939,145.141,154.078,
131.925,128.906,145.145,154.113,
131.896,128.873,145.149,154.147,
131.868,128.84,145.152,154.182,
131.84,128.807,145.156,154.216,
131.812,128.774,145.16,154.251,
131.783,128.741,145.164,154.286,
131.755,128.708,145.167,154.32,
131.727,128.675,145.171,154.355,
131.699,128.642,145.175,154.39,
131.67,128.61,145.178,154.424,
131.642,128.577,145.182,154.459,
131.614,128.544,145.186,154.493,
131.586,128.511,145.189,154.528,
131.558,128.478,145.193,154.562,
131.53,128.445,145.197,154.597,
131.502,128.413,145.2,154.631,
131.473,128.38,145.204,154.666,
131.445,128.347,145.208,154.7,
131.417,128.314,145.211,154.735,
131.389,128.282,145.215,154.77,
131.361,128.249,145.219,154.804,
131.333,128.216,145.222,154.838,
131.305,128.184,145.226,154.873,
131.277,128.151,145.229,154.907,
131.249,128.118,145.233,154.942,
131.221,128.086,145.237,154.976,
131.193,128.053,145.24,155.011,
131.165,128.021,145.244,155.045,
131.137,127.988,145.247,155.08,
131.109,127.955,145.251,155.114,
131.081,127.923,145.254,155.148,
131.053,127.89,145.258,155.183,
131.025,127.858,145.261,155.217,
130.997,127.825,145.265,155.252,
130.969,127.793,145.269,155.286,
130.942,127.76,145.272,155.32,
130.914,127.728,145.276,155.355,
130.886,127.695,145.279,155.389,
130.858,127.663,145.283,155.423,
130.83,127.631,145.286,155.458,
130.802,127.598,145.29,155.492,
130.775,127.566,145.293,155.526,
130.747,127.534,145.297,155.561,
130.719,127.501,145.3,155.595,
130.691,127.469,145.304,155.629,
130.664,127.437,145.307,155.664,
130.636,127.404,145.31,155.698,
130.608,127.372,145.314,155.732,
130.58,127.34,145.317,155.767,
130.553,127.308,145.321,155.801,
130.525,127.275,145.324,155.835,
130.497,127.243,145.328,155.869,
130.47,127.211,145.331,155.903,
130.442,127.179,145.334,155.938,
130.414,127.147,145.338,155.972,
130.387,127.114,145.341,156.006,
130.359,127.082,145.345,156.04,
130.331,127.05,145.348,156.075,
130.304,127.018,145.351,156.109,
130.276,126.986,145.355,156.143,
130.249,126.954,145.358,156.177,
130.221,126.922,145.362,156.211,
130.194,126.89,145.365,156.245,
130.166,126.858,145.368,156.28,
130.139,126.826,145.372,156.314,
130.111,126.794,145.375,156.348,
130.084,126.762,145.378,156.382,
130.056,126.73,145.382,156.416,
130.029,126.698,145.385,156.45,
130.001,126.666,145.388,156.484,
129.974,126.634,145.392,156.518,
129.946,126.602,145.395,156.552,
129.919,126.57,145.398,156.586,
129.892,126.539,145.401,156.62,
129.864,126.507,145.405,156.655,
129.837,126.475,145.408,156.689,
129.809,126.443,145.411,156.723,
129.782,126.411,145.415,156.757,
129.755,126.379,145.418,156.791,
129.727,126.348,145.421,156.825,
129.7,126.316,145.424,156.859,
129.673,126.284,145.428,156.893,
129.646,126.253,145.431,156.927,
129.618,126.221,145.434,156.961,
129.591,126.189,145.437,156.995,
129.564,126.158,145.44,157.029,
129.536,126.126,145.444,157.063,
129.509,126.094,145.447,157.096,
129.482,126.063,145.45,157.13,
129.455,126.031,145.453,157.164,
129.428,125.999,145.456,157.198,
129.4,125.968,145.46,157.232,
129.373,125.936,145.463,157.266,
129.346,125.905,145.466,157.3,
129.319,125.873,145.469,157.334,
129.292,125.842,145.472,157.368,
129.265,125.81,145.475,157.402,
129.238,125.779,145.479,157.435,
129.211,125.747,145.482,157.469,
129.184,125.716,145.485,157.503,
129.156,125.684,145.488,157.537,
129.129,125.653,145.491,157.571,
129.102,125.622,145.494,157.605,
129.075,125.59,145.497,157.638,
129.048,125.559,145.5,157.672,
129.021,125.528,145.503,157.706,
128.994,125.496,145.507,157.74,
128.967,125.465,145.51,157.774,
128.94,125.434,145.513,157.807,
128.913,125.402,145.516,157.841,
128.887,125.371,145.519,157.875,
128.86,125.34,145.522,157.909,
128.833,125.309,145.525,157.942,
128.806,125.277,145.528,157.976,
128.779,125.246,145.531,158.01,
128.752,125.215,145.534,158.044,
128.725,125.184,145.537,158.077,
128.698,125.153,145.54,158.111,
128.671,125.121,145.543,158.145,
128.645,125.09,145.546,158.178,
128.618,125.059,145.549,158.212,
128.591,125.028,145.552,158.246,
128.564,124.997,145.555,158.279,
128.537,124.966,145.558,158.313,
128.511,124.935,145.561,158.347,
128.484,124.904,145.564,158.38,
128.457,124.873,145.567,158.414,
128.43,124.842,145.57,158.448,
128.404,124.811,145.573,158.481,
128.377,124.78,145.576,158.515,
128.35,124.749,145.579,158.548,
128.324,124.718,145.582,158.582,
128.297,124.687,145.584,158.616,
128.27,124.656,145.587,158.649,
128.244,124.625,145.59,158.683,
128.217,124.595,145.593,158.716,
128.191,124.564,145.596,158.75,
128.164,124.533,145.599,158.783,
128.137,124.502,145.602,158.817,
128.111,124.471,145.605,158.85,
128.084,124.44,145.608,158.884,
128.058,124.41,145.61,158.917,
128.031,124.379,145.613,158.951,
128.005,124.348,145.616,158.984,
127.978,124.318,145.619,159.018,
127.952,124.287,145.622,159.051,
127.925,124.256,145.625,159.085,
127.899,124.225,145.628,159.118,
127.872,124.195,145.63,159.152,
127.846,124.164,145.633,159.185,
127.819,124.133,145.636,159.219,
127.793,124.103,145.639,159.252,
127.766,124.072,145.641,159.285,
127.74,124.042,145.644,159.319,
127.714,124.011,145.647,159.352,
127.687,123.981,145.649,159.385,
127.661,123.95,145.652,159.419,
127.635,123.92,145.654,159.452,
127.608,123.889,145.657,159.486,
127.582,123.859,145.659,159.519,
127.556,123.828,145.662,159.552,
127.529,123.798,145.664,159.586,
127.503,123.767,145.667,159.619,
127.477,123.737,145.669,159.652,
127.45,123.706,145.671,159.685,
127.424,123.676,145.674,159.719,
127.398,123.646,145.676,159.752,
127.372,123.615,145.678,159.785,
127.346,123.585,145.68,159.818,
127.319,123.555,145.683,159.852,
127.293,123.524,145.685,159.885,
127.267,123.494,145.687,159.918,
127.241,123.464,145.689,159.951,
127.215,123.433,145.691,159.985,
127.188,123.403,145.693,160.018,
127.162,123.373,145.695,160.051,
127.136,123.343,145.697,160.084,
127.11,123.313,145.699,160.117,
127.084,123.282,145.701,160.15,
127.058,123.252,145.703,160.183,
127.032,123.222,145.705,160.217,
127.006,123.192,145.706,160.25,
126.98,123.162,145.708,160.283,
126.954,123.132,145.71,160.316,
126.928,123.102,145.712,160.349,
126.902,123.072,145.713,160.382,
126.876,123.042,145.715,160.415,
126.85,123.012,145.716,160.448,
126.824,122.981,145.718,160.481,
126.798,122.951,145.72,160.514,
126.772,122.921,145.721,160.547,
126.746,122.892,145.723,160.58,
126.72,122.862,145.724,160.613,
126.694,122.832,145.725,160.646,
126.668,122.802,145.727,160.679,
126.642,122.772,145.728,160.712,
126.617,122.742,145.73,160.745,
126.591,122.712,145.731,160.778,
126.565,122.682,145.732,160.811,
126.539,122.652,145.733,160.844,
126.513,122.622,145.735,160.877,
126.488,122.593,145.736,160.91,
126.462,122.563,145.737,160.943,
126.436,122.533,145.738,160.976,
126.41,122.503,145.739,161.009,
126.384,122.474,145.74,161.041,
126.359,122.444,145.741,161.074,
126.333,122.414,145.742,161.107,
126.307,122.384,145.743,161.14,
126.282,122.355,145.744,161.173,
126.256,122.325,145.745,161.206,
126.23,122.295,145.746,161.238,
126.205,122.266,145.747,161.271,
126.179,122.236,145.747,161.304,
126.153,122.207,145.748,161.337,
126.128,122.177,145.749,161.37,
126.102,122.147,145.75,161.402,
126.076,122.118,145.75,161.435,
126.051,122.088,145.751,161.468,
126.025,122.059,145.752,161.501,
126,122.029,145.752,161.533,
125.974,122,145.753,161.566,
125.949,121.97,145.753,161.599,
125.923,121.941,145.754,161.631,
125.898,121.911,145.754,161.664,
125.872,121.882,145.755,161.697,
125.847,121.853,145.755,161.729,
125.821,121.823,145.755,161.762,
125.796,121.794,145.756,161.795,
125.77,121.764,145.756,161.827,
125.745,121.735,145.756,161.86,
125.719,121.706,145.756,161.893,
125.694,121.676,145.757,161.925,
125.669,121.647,145.757,161.958,
125.643,121.618,145.757,161.99,
125.618,121.589,145.757,162.023,
125.592,121.559,145.757,162.056,
125.567,121.53,145.757,162.088,
125.542,121.501,145.757,162.121,
125.516,121.472,145.757,162.153,
125.491,121.442,145.757,162.186,
125.466,121.413,145.757,162.218,
125.44,121.384,145.757,162.251,
125.415,121.355,145.757,162.283,
125.39,121.326,145.757,162.316,
125.365,121.297,145.756,162.348,
125.339,121.268,145.756,162.381,
125.314,121.239,145.756,162.413,
125.289,121.209,145.756,162.445,
125.264,121.18,145.755,162.478,
125.239,121.151,145.755,162.51,
125.213,121.122,145.755,162.543,
125.188,121.093,145.754,162.575,
125.163,121.064,145.754,162.607,
125.138,121.035,145.753,162.64,
125.113,121.006,145.753,162.672,
125.088,120.978,145.752,162.705,
125.063,120.949,145.752,162.737,
125.038,120.92,145.751,162.769,
125.013,120.891,145.75,162.802,
124.987,120.862,145.75,162.834,
124.962,120.833,145.749,162.866,
124.937,120.804,145.748,162.899,
124.912,120.775,145.747,162.931,
124.887,120.747,145.747,162.963,
124.862,120.718,145.746,162.995,
124.837,120.689,145.745,163.028,
124.812,120.66,145.744,163.06,
124.787,120.632,145.743,163.092,
124.762,120.603,145.742,163.124,
124.738,120.574,145.741,163.157,
124.713,120.545,145.74,163.189,
124.688,120.517,145.739,163.221,
124.663,120.488,145.738,163.253,
124.638,120.459,145.737,163.285,
124.613,120.431,145.736,163.318,
124.588,120.402,145.735,163.35,
124.563,120.374,145.733,163.382,
124.539,120.345,145.732,163.414,
124.514,120.316,145.731,163.446,
124.489,120.288,145.73,163.478,
124.464,120.259,145.728,163.51,
124.439,120.231,145.727,163.542,
124.415,120.202,145.726,163.574,
124.39,120.174,145.724,163.607,
124.365,120.145,145.723,163.639,
124.34,120.117,145.721,163.671,
124.316,120.088,145.72,163.703,
124.291,120.06,145.718,163.735,
124.266,120.032,145.717,163.767,
124.241,120.003,145.715,163.799,
124.217,119.975,145.713,163.831,
124.192,119.947,145.712,163.863,
124.167,119.918,145.71,163.895,
124.143,119.89,145.708,163.927,
124.118,119.862,145.706,163.959,
124.094,119.833,145.705,163.991,
124.069,119.805,145.703,164.023,
124.044,119.777,145.701,164.055,
124.02,119.748,145.699,164.086,
123.995,119.72,145.697,164.118,
123.971,119.692,145.695,164.15,
123.946,119.664,145.693,164.182,
123.922,119.636,145.691,164.214,
123.897,119.607,145.689,164.246,
123.873,119.579,145.687,164.278,
123.848,119.551,145.685,164.31,
123.824,119.523,145.683,164.342,
123.799,119.495,145.681,164.373,
123.775,119.467,145.678,164.405,
123.75,119.439,145.676,164.437,
123.726,119.411,145.674,164.469,
123.702,119.383,145.672,164.501,
123.677,119.355,145.669,164.532,
123.653,119.327,145.667,164.564,
123.628,119.299,145.664,164.596,
123.604,119.271,145.662,164.628,
123.58,119.243,145.66,164.659,
123.555,119.215,145.657,164.691,
123.531,119.187,145.654,164.723,
123.507,119.159,145.652,164.755,
123.482,119.131,145.649,164.786,
123.458,119.103,145.646,164.818,
123.433,119.075,145.644,164.85,
123.409,119.047,145.641,164.881,
123.385,119.02,145.638,164.913,
123.36,118.992,145.635,164.945,
123.336,118.964,145.632,164.976,
123.312,118.936,145.629,165.008,
123.287,118.908,145.626,165.04,
123.263,118.881,145.623,165.071,
123.239,118.853,145.62,165.103,
123.214,118.825,145.617,165.134,
123.19,118.798,145.614,165.166,
123.165,118.77,145.611,165.198,
123.141,118.742,145.608,165.229,
123.117,118.714,145.604,165.261,
123.092,118.687,145.601,165.292,
123.068,118.659,145.598,165.324,
123.044,118.632,145.594,165.355,
123.019,118.604,145.591,165.387,
122.995,118.576,145.587,165.418,
122.971,118.549,145.584,165.45,
122.946,118.521,145.58,165.481,
122.922,118.494,145.576,165.513,
122.898,118.466,145.573,165.544,
122.873,118.439,145.569,165.576,
122.849,118.411,145.565,165.607,
122.825,118.384,145.561,165.639,
122.8,118.356,145.557,165.67,
122.776,118.329,145.554,165.701,
122.752,118.302,145.55,165.733,
122.727,118.274,145.546,165.764,
122.703,118.247,145.542,165.796,
122.679,118.219,145.538,165.827,
122.654,118.192,145.533,165.858,
122.63,118.165,145.529,165.89,
122.605,118.137,145.525,165.921,
122.581,118.11,145.521,165.952,
122.557,118.083,145.517,165.984,
122.532,118.056,145.512,166.015,
122.508,118.028,145.508,166.046,
122.484,118.001,145.503,166.078,
122.459,117.974,145.499,166.109,
122.435,117.947,145.494,166.14,
122.411,117.919,145.49,166.171,
122.386,117.892,145.485,166.203,
122.362,117.865,145.481,166.234,
122.338,117.838,145.476,166.265,
122.314,117.811,145.471,166.296,
122.289,117.784,145.467,166.327,
122.265,117.757,145.462,166.359,
122.241,117.729,145.457,166.39,
122.216,117.702,145.452,166.421,
122.192,117.675,145.447,166.452,
122.168,117.648,145.442,166.483,
122.143,117.621,145.437,166.515,
122.119,117.594,145.432,166.546,
122.095,117.567,145.427,166.577,
122.07,117.54,145.422,166.608,
122.046,117.513,145.417,166.639,
122.022,117.486,145.411,166.67,
121.997,117.46,145.406,166.701,
121.973,117.433,145.401,166.732,
121.949,117.406,145.395,166.763,
121.924,117.379,145.39,166.794,
121.9,117.352,145.385,166.825,
121.876,117.325,145.379,166.857,
121.851,117.298,145.374,166.888,
121.827,117.272,145.368,166.919,
121.803,117.245,145.362,166.95,
121.779,117.218,145.357,166.981,
121.754,117.191,145.351,167.012,
121.73,117.164,145.345,167.043,
121.706,117.138,145.339,167.073,
121.681,117.111,145.334,167.104,
121.657,117.084,145.328,167.135,
121.633,117.058,145.322,167.166,
121.608,117.031,145.316,167.197,
121.584,117.004,145.31,167.228,
121.56,116.978,145.304,167.259,
121.535,116.951,145.298,167.29,
121.511,116.924,145.292,167.321,
121.487,116.898,145.285,167.352,
121.463,116.871,145.279,167.383,
121.438,116.845,145.273,167.413,
121.414,116.818,145.267,167.444,
121.39,116.792,145.26,167.475,
121.365,116.765,145.254,167.506,
121.341,116.739,145.247,167.537,
121.317,116.712,145.241,167.568,
121.292,116.686,145.234,167.598,
121.268,116.659,145.228,167.629,
121.244,116.633,145.221,167.66,
121.22,116.606,145.215,167.691,
121.195,116.58,145.208,167.722,
121.171,116.554,145.201,167.752,
121.147,116.527,145.194,167.783,
121.122,116.501,145.188,167.814,
121.098,116.475,145.181,167.844,
121.074,116.448,145.174,167.875,
121.05,116.422,145.167,167.906,
121.025,116.396,145.16,167.937,
121.001,116.369,145.153,167.967,
120.977,116.343,145.146,167.998,
120.952,116.317,145.139,168.029,
120.928,116.291,145.131,168.059,
120.904,116.265,145.124,168.09,
120.88,116.238,145.117,168.12,
120.855,116.212,145.11,168.151,
120.831,116.186,145.102,168.182,
120.807,116.16,145.095,168.212,
120.782,116.134,145.088,168.243,
120.758,116.108,145.08,168.273,
120.734,116.082,145.073,168.304,
120.71,116.055,145.065,168.335,
120.685,116.029,145.057,168.365,
120.661,116.003,145.05,168.396,
120.637,115.977,145.042,168.426,
120.613,115.951,145.034,168.457,
120.588,115.925,145.027,168.487,
120.564,115.899,145.019,168.518,
120.54,115.873,145.011,168.548,
120.515,115.847,145.003,168.579,
120.491,115.822,144.995,168.609,
120.467,115.796,144.987,168.64,
120.443,115.77,144.979,168.67,
120.418,115.744,144.971,168.7,
120.394,115.718,144.963,168.731,
120.37,115.692,144.955,168.761,
120.346,115.666,144.947,168.792,
120.321,115.64,144.938,168.822,
120.297,115.615,144.93,168.852,
120.273,115.589,144.922,168.883,
120.249,115.563,144.913,168.913,
120.224,115.537,144.905,168.944,
120.2,115.512,144.896,168.974,
120.176,115.486,144.888,169.004,
120.152,115.46,144.879,169.035,
120.127,115.434,144.871,169.065,
120.103,115.409,144.862,169.095,
120.079,115.383,144.853,169.125,
120.055,115.357,144.845,169.156,
120.03,115.332,144.836,169.186,
120.006,115.306,144.827,169.216,
119.982,115.281,144.818,169.247,
119.958,115.255,144.809,169.277,
119.933,115.229,144.801,169.307,
119.909,115.204,144.792,169.337,
119.885,115.178,144.783,169.367,
119.861,115.153,144.773,169.398,
119.836,115.127,144.764,169.428,
119.812,115.102,144.755,169.458,
119.788,115.076,144.746,169.488,
119.764,115.051,144.737,169.518,
119.739,115.026,144.728,169.548,
119.715,115,144.718,169.579,
119.691,114.975,144.709,169.609,
119.667,114.949,144.699,169.639,
119.642,114.924,144.69,169.669,
119.618,114.899,144.681,169.699,
119.594,114.873,144.671,169.729,
119.57,114.848,144.661,169.759,
119.545,114.823,144.652,169.789,
119.521,114.797,144.642,169.819,
119.497,114.772,144.632,169.849,
119.473,114.747,144.623,169.88,
119.448,114.722,144.613,169.91,
119.424,114.696,144.603,169.94,
119.4,114.671,144.593,169.97,
119.376,114.646,144.583,170,
119.352,114.621,144.573,170.03,
119.327,114.596,144.563,170.06,
119.303,114.57,144.553,170.09,
119.279,114.545,144.543,170.119,
119.255,114.52,144.533,170.149,
119.23,114.495,144.523,170.179,
119.206,114.47,144.513,170.209,
119.182,114.445,144.502,170.239,
119.158,114.42,144.492,170.269,
119.134,114.395,144.482,170.299,
119.109,114.37,144.471,170.329,
119.085,114.345,144.461,170.359,
119.061,114.32,144.45,170.389,
119.037,114.295,144.44,170.419,
119.012,114.27,144.429,170.448,
118.988,114.245,144.419,170.478,
118.964,114.22,144.408,170.508,
118.94,114.195,144.397,170.538,
118.916,114.17,144.387,170.568,
118.891,114.145,144.376,170.597,
118.867,114.12,144.365,170.627,
118.843,114.096,144.354,170.657,
118.819,114.071,144.343,170.687,
118.795,114.046,144.332,170.717,
118.77,114.021,144.321,170.746,
118.746,113.996,144.31,170.776,
118.722,113.972,144.299,170.806,
118.698,113.947,144.288,170.836,
118.673,113.922,144.277,170.865,
118.649,113.897,144.266,170.895,
118.625,113.873,144.254,170.925,
118.601,113.848,144.243,170.954,
118.577,113.823,144.232,170.984,
118.552,113.799,144.22,171.014,
118.528,113.774,144.209,171.043,
118.504,113.749,144.197,171.073,
118.48,113.725,144.186,171.103,
118.456,113.7,144.174,171.132,
118.431,113.676,144.163,171.162,
118.407,113.651,144.151,171.191,
118.383,113.627,144.139,171.221,
118.359,113.602,144.128,171.251,
118.335,113.577,144.116,171.28,
118.31,113.553,144.104,171.31,
118.286,113.529,144.092,171.339,
118.262,113.504,144.08,171.369,
118.238,113.48,144.068,171.398,
118.214,113.455,144.056,171.428,
118.189,113.431,144.044,171.457,
118.165,113.406,144.032,171.487,
118.141,113.382,144.02,171.516,
118.117,113.358,144.008,171.546,
118.093,113.333,143.996,171.575,
118.069,113.309,143.984,171.605,
118.044,113.285,143.971,171.634,
118.02,113.26,143.959,171.664,
117.996,113.236,143.947,171.693,
117.972,113.212,143.934,171.722,
117.948,113.187,143.922,171.752,
117.923,113.163,143.909,171.781,
117.899,113.139,143.897,171.811,
117.875,113.115,143.884,171.84,
117.851,113.091,143.872,171.869,
117.827,113.066,143.859,171.899,
117.803,113.042,143.846,171.928,
117.778,113.018,143.833,171.957,
117.754,112.994,143.821,171.987,
117.73,112.97,143.808,172.016,
117.706,112.946,143.795,172.045,
117.682,112.922,143.782,172.075,
117.658,112.898,143.769,172.104,
117.633,112.874,143.756,172.133,
117.609,112.85,143.743,172.162,
117.585,112.826,143.73,172.192,
117.561,112.802,143.717,172.221,
117.537,112.778,143.703,172.25,
117.512,112.754,143.69,172.279,
117.488,112.73,143.677,172.309,
117.464,112.706,143.664,172.338,
117.44,112.682,143.65,172.367,
117.416,112.658,143.637,172.396,
117.392,112.634,143.623,172.425,
117.367,112.61,143.61,172.455,
117.343,112.586,143.596,172.484,
117.319,112.562,143.583,172.513,
117.295,112.539,143.569,172.542,
117.271,112.515,143.555,172.571,
117.247,112.491,143.542,172.6,
117.223,112.467,143.528,172.629,
117.198,112.443,143.514,172.658,
117.174,112.42,143.5,172.688,
117.15,112.396,143.487,172.717,
117.126,112.372,143.473,172.746,
117.102,112.349,143.459,172.775,
117.078,112.325,143.445,172.804,
117.053,112.301,143.431,172.833,
117.029,112.278,143.416,172.862,
117.005,112.254,143.402,172.891,
116.981,112.23,143.388,172.92,
116.957,112.207,143.374,172.949,
116.933,112.183,143.36,172.978,
116.909,112.16,143.345,173.007,
116.884,112.136,143.331,173.036,
116.86,112.113,143.317,173.065,
116.836,112.089,143.302,173.094,
116.812,112.065,143.288,173.123,
116.788,112.042,143.273,173.152,
116.764,112.019,143.259,173.18,
116.74,111.995,143.244,173.209,
116.715,111.972,143.229,173.238,
116.691,111.948,143.215,173.267,
116.667,111.925,143.2,173.296,
116.643,111.901,143.185,173.325,
116.619,111.878,143.17,173.354,
116.595,111.855,143.155,173.383,
116.571,111.831,143.141,173.411,
116.546,111.808,143.126,173.44,
116.522,111.785,143.111,173.469,
116.498,111.761,143.096,173.498,
116.474,111.738,143.08,173.527,
116.45,111.715,143.065,173.555,
116.426,111.692,143.05,173.584,
116.402,111.668,143.035,173.613,
116.377,111.645,143.02,173.642,
116.353,111.622,143.004,173.67,
116.329,111.599,142.989,173.699,
116.305,111.576,142.974,173.728,
116.281,111.552,142.958,173.757,
116.257,111.529,142.943,173.785,
116.233,111.506,142.927,173.814,
116.209,111.483,142.912,173.843,
116.184,111.46,142.896,173.871,
116.16,111.437,142.88,173.9,
116.136,111.414,142.865,173.929,
116.112,111.391,142.849,173.957,
116.088,111.368,142.833,173.986,
116.064,111.345,142.818,174.015,
116.04,111.322,142.802,174.043,
116.016,111.299,142.786,174.072,
115.992,111.276,142.77,174.1,
115.967,111.253,142.754,174.129,
115.943,111.23,142.738,174.158,
115.919,111.207,142.722,174.186,
115.895,111.184,142.706,174.215,
115.871,111.161,142.689,174.243,
115.847,111.138,142.673,174.272,
115.823,111.116,142.657,174.3,
115.799,111.093,142.641,174.329,
115.774,111.07,142.624,174.357,
115.75,111.047,142.608,174.386,
115.726,111.024,142.592,174.414,
115.702,111.002,142.575,174.443,
115.678,110.979,142.559,174.471,
115.654,110.956,142.542,174.5,
115.63,110.933,142.525,174.528,
115.606,110.911,142.509,174.556,
115.582,110.888,142.492,174.585,
115.558,110.865,142.475,174.613,
