0.312094,-0.507914,-0.0167828,0.0153511,0.529317,-0.00640338,0.316308,0.505257,0.527324,0.00110361,-0.0190034,-0.0139073,-0.314796,0.505743,0.0140806,-0.0175218,-0.532019,0.00423262,-0.319011,-0.507428,-0.530026,-0.00327436,0.0163012,0.0117366,-0.312071,-0.501987,0.000182293,0.0313645,0.305952,-0.505731,-0.30991,0.503585,0.308113,0.499841,-0.00414021,-0.0335102,-0.504782,-0.022347,-0.910351,0.344003,-0.309337,0.488045,0.307759,-0.489888,0.503204,0.020504,0.908773,-0.345846,0.909677,0.339786,0.499542,-0.0214449,0.310518,0.491359,-0.50112,0.019602,-0.312096,-0.493202,-0.911255,-0.341629,0.000806107,0.942923,0.307449,0.49052,-0.310576,0.493768,-0.00235312,-0.944069,-0.308996,-0.491666,0.309029,-0.494914,-0.465718,-0.00435881,-0.919679,-0.308691,-0.913278,0.30931,0.911257,-0.311803,0.463697,0.00186587,0.917658,0.306198,0.57011,0.953678,0.255406,0.421769,0.0247918,0.917264,0.0224197,-0.914838,0.26079,-0.423027,0.567099,-0.959814,-0.262734,0.421371,-0.569043,0.958158,-0.0243639,0.913182,-0.25735,-0.423425,-0.026736,-0.91892,-0.572055,-0.955334,0.608791,0.929967,0.868707,0.369244,0.253149,0.424512,-0.257323,0.419749,-0.873629,0.373574,-0.605464,0.930399,0.255399,-0.421372,0.871706,-0.375197,0.603541,-0.932022,-0.255072,-0.426135,-0.610715,-0.93159,-0.87063,-0.370867,
0.304081,-0.506573,-0.0127844,0.0240514,0.532678,-0.0101443,0.313323,0.505898,0.527349,0.00301539,-0.018878,-0.0152629,-0.311216,0.501768,0.00772795,-0.0276095,-0.537864,0.00444671,-0.321158,-0.508275,-0.53209,-0.00408626,0.0142396,0.0108344,-0.313938,-0.496737,0.00058304,0.0352811,0.304064,-0.503111,-0.306218,0.499696,0.311759,0.491333,-0.0044724,-0.0396699,-0.52452,-0.0173603,-0.933549,0.345123,-0.333929,0.494864,0.332023,-0.497276,0.522572,0.0149637,0.93163,-0.347486,0.932355,0.339789,0.518387,-0.0170424,0.334848,0.497751,-0.519771,0.0151165,-0.336177,-0.499657,-0.933701,-0.34176,0.00165479,0.959842,0.308002,0.507239,-0.310021,0.510891,-0.003401,-0.961054,-0.309406,-0.508219,0.308615,-0.51234,-0.496788,-0.000847581,-0.947935,-0.309336,-0.947211,0.308697,0.944955,-0.309788,0.494417,-0.000412646,0.945447,0.308246,0.598296,0.97425,0.280097,0.444424,0.0527495,0.941426,0.0513548,-0.934257,0.294697,-0.444887,0.59555,-0.984752,-0.290147,0.445398,-0.596834,0.98197,-0.052123,0.937377,-0.283047,-0.446365,-0.055297,-0.943183,-0.600817,-0.976448,0.623885,0.963398,0.878497,0.400248,0.263488,0.461323,-0.266617,0.456109,-0.8826,0.405802,-0.618176,0.964412,0.264512,-0.458525,0.880434,-0.407482,0.616678,-0.966408,-0.26617,-0.463934,-0.626631,-0.965964,-0.881171,-0.402781,
0.347827,-0.502416,0.00645596,0.012785,0.552921,0.00417589,0.36303,0.500708,0.54744,-0.0137736,0.00107462,-0.000246037,-0.339119,0.504261,-0.00839355,-0.0178375,-0.554567,0.00198535,-0.363656,-0.506229,-0.547964,0.00828933,-0.00160085,-0.00534799,-0.318161,-0.546412,-0.00191115,-0.0154209,0.299816,-0.554797,-0.310523,0.544505,0.307481,0.538415,-0.00679533,0.00625291,-0.54493,-0.0153973,-0.94051,0.361717,-0.335842,0.489559,0.330129,-0.490864,0.53946,0.0139912,0.934858,-0.363314,0.934035,0.355055,0.532361,-0.0155611,0.331532,0.492736,-0.540085,0.00972062,-0.34196,-0.499637,-0.943723,-0.358756,-0.00173255,0.940699,0.306147,0.489137,-0.311885,0.490695,-0.000378175,-0.942357,-0.308626,-0.491045,0.309408,-0.4921,-0.519815,-0.00404237,-0.973157,-0.309296,-0.968011,0.308717,0.96519,-0.312052,0.516627,0.000181491,0.96961,0.305967,0.59902,0.995979,0.271607,0.471797,0.0529833,0.972699,0.0502589,-0.960165,0.294426,-0.471207,0.594368,-1.01158,-0.289999,0.470165,-0.598823,1.00551,-0.0539386,0.963089,-0.279541,-0.473413,-0.0562065,-0.972232,-0.602,-1.00066,0.646944,0.974799,0.9004,0.411128,0.285518,0.473464,-0.290785,0.464813,-0.906842,0.415421,-0.641588,0.973638,0.29014,-0.467306,0.906049,-0.416099,0.642441,-0.975095,-0.289415,-0.475752,-0.650491,-0.97734,-0.904341,-0.413845,
0.303445,-0.530716,-0.0333199,-0.0124925,0.513047,-0.0259731,0.320663,0.526563,0.504313,0.0118098,-0.0420317,0.0261447,-0.297773,0.530899,0.0337604,0.00931374,-0.512443,0.0282912,-0.320102,-0.530769,-0.505813,-0.0167556,0.0405852,-0.028902,-0.314716,-0.5034,-0.00285448,0.03018,0.303309,-0.506691,-0.312176,0.495406,0.305857,0.494281,-0.00413358,-0.040389,-0.57528,-0.00549221,-0.972861,0.369512,-0.368882,0.500569,0.362222,-0.501943,0.571986,0.00273282,0.96706,-0.374911,0.962244,0.367353,0.560809,-0.00352175,0.359653,0.504646,-0.572197,0.000267332,-0.368894,-0.507045,-0.972061,-0.372301,-0.0015874,0.968978,0.305284,0.51673,-0.312743,0.519667,-0.000456532,-0.970647,-0.307179,-0.518297,0.310847,-0.521438,-0.535864,-0.00475155,-0.988854,-0.310527,-0.98442,0.307492,0.981343,-0.308806,0.533172,0.00398875,0.986538,0.309206,0.606856,1.0173,0.303557,0.478801,0.062437,0.969269,0.056614,-0.956696,0.320204,-0.477928,0.598223,-1.0299,-0.320048,0.47678,-0.605252,1.02507,-0.0627335,0.95895,-0.311714,-0.480283,-0.0656115,-0.968271,-0.609513,-1.02184,0.661604,0.988882,0.893858,0.416148,0.281729,0.501377,-0.285845,0.496711,-0.899384,0.422313,-0.657045,0.990853,0.286486,-0.496892,0.900245,-0.424318,0.656216,-0.992135,-0.285756,-0.507164,-0.665661,-0.994646,-0.89788,-0.421899,
0.33403,-0.505533,0.00901075,0.0201359,0.554936,-0.00563423,0.366885,0.502377,0.546994,-0.0136257,0.000760515,0.00446302,-0.329334,0.506313,-0.00601865,-0.0204059,-0.551858,0.00713197,-0.3644,-0.507258,-0.546962,0.00788257,-0.000648256,-0.00760683,-0.314373,-0.553132,-0.00482623,-0.0182052,0.303661,-0.553744,-0.312339,0.540194,0.30569,0.542586,-0.00125259,0.00616083,-0.568158,-0.00828349,-0.96382,0.368744,-0.359181,0.496719,0.353477,-0.498153,0.564236,0.0061081,0.958565,-0.372314,0.953066,0.364911,0.554135,-0.00865666,0.349564,0.498146,-0.562275,0.000497155,-0.360375,-0.507375,-0.963167,-0.370965,-0.000723557,0.961354,0.30384,0.507548,-0.314165,0.513634,-0.00282099,-0.963741,-0.309725,-0.511515,0.308302,-0.514408,-0.548786,-0.00306873,-1.00064,-0.310519,-0.998495,0.307512,0.994555,-0.309266,0.54431,0.000536244,0.995633,0.308767,0.601716,1.03003,0.296484,0.492633,0.0571282,0.983965,0.0546776,-0.972931,0.314709,-0.492222,0.596814,-1.04212,-0.315503,0.491422,-0.603541,1.03823,-0.0606881,0.974917,-0.304039,-0.494314,-0.0590821,-0.982878,-0.603108,-1.03517,0.671926,0.994548,0.910207,0.424296,0.297213,0.503064,-0.304985,0.495335,-0.919274,0.427395,-0.670967,0.993355,0.30401,-0.499756,0.918031,-0.42944,0.671916,-0.996356,-0.302804,-0.507642,-0.677483,-0.999152,-0.915803,-0.428915,
0.337663,-0.547034,0.00389507,-0.0268761,0.550175,-0.0435097,0.330006,0.535887,0.525003,0.0253239,-0.0215259,0.0275646,-0.332761,0.547816,-0.000712727,0.026558,-0.546935,0.0449962,-0.354751,-0.546279,-0.543229,-0.0332736,0.00322682,-0.0424755,-0.313537,-0.505154,-0.00140237,0.0282666,0.304486,-0.508761,-0.311469,0.494076,0.306565,0.493493,-0.00295712,-0.0414487,-0.561831,-0.00855763,-0.95888,0.367009,-0.354717,0.497211,0.350022,-0.503415,0.556903,0.00244878,0.954125,-0.372935,0.977012,0.361253,0.560189,0.00776037,0.380794,0.524012,-0.557895,-0.0031995,-0.369318,-0.516169,-0.968345,-0.364072,-0.00277136,0.999791,0.302695,0.546593,-0.31532,0.551448,-0.00136296,-1.00161,-0.303644,-0.546283,0.314321,-0.555471,-0.555442,-0.00628331,-1.00932,-0.310742,-1.00309,0.30726,0.999303,-0.310491,0.551557,0.0029133,1.00534,0.307513,0.602831,1.04079,0.309372,0.496871,0.0593751,0.982875,0.0541068,-0.97938,0.31104,-0.497007,0.596677,-1.04507,-0.319966,0.496743,-0.603653,1.04582,-0.0613199,0.9782,-0.316599,-0.499928,-0.0619193,-0.983495,-0.60479,-1.04666,0.676474,0.993631,0.909994,0.421412,0.297678,0.505287,-0.308388,0.500244,-0.922167,0.427848,-0.677974,0.995595,0.308157,-0.500912,0.922111,-0.430013,0.676534,-0.997162,-0.305005,-0.515467,-0.685517,-1.00247,-0.917022,-0.429437,
0.316862,-0.512878,0.000245838,0.0178949,0.545692,-0.0165567,0.371087,0.510048,0.566748,-0.00026055,0.0202172,0.00126867,-0.334512,0.508602,-0.00593964,-0.0148536,-0.552027,0.00721828,-0.374107,-0.526685,-0.576334,-0.0189426,-0.0298286,-0.013423,-0.312124,-0.544565,-0.00205148,-0.00994317,0.305908,-0.545785,-0.310081,0.541198,0.307944,0.537762,-0.00404424,0.00425475,-0.593841,0.00458605,-0.992667,0.378265,-0.389128,0.511331,0.386403,-0.515766,0.588509,-0.00797525,0.98925,-0.3796,0.971168,0.354851,0.566443,-0.012431,0.369824,0.49751,-0.55942,0.00279445,-0.362654,-0.507089,-0.964039,-0.364604,-0.0018828,0.987338,0.307111,0.536537,-0.310923,0.536569,-0.00681484,-0.989073,-0.316602,-0.538817,0.301431,-0.53776,-0.557827,-0.0051051,-1.0104,-0.311495,-1.00681,0.306528,1.00044,-0.31048,0.551665,0.00144836,1.00444,0.307541,0.604312,1.04866,0.308358,0.506092,0.0605961,0.993239,0.0628864,-0.989183,0.321819,-0.507881,0.60518,-1.05713,-0.324754,0.507597,-0.610758,1.05547,-0.0681437,0.990142,-0.312704,-0.506434,-0.0636939,-0.992944,-0.607266,-1.04976,0.68514,1.00862,0.915767,0.435224,0.303883,0.522191,-0.316311,0.497855,-0.930457,0.428644,-0.683322,0.995116,0.311108,-0.512212,0.923804,-0.431153,0.687655,-1.00229,-0.312017,-0.520931,-0.692049,-1.00831,-0.924119,-0.435506,
0.327404,-0.531048,-0.00825073,-0.0121043,0.538086,-0.0267546,0.335288,0.513498,0.524578,0.000792127,-0.0218916,0.00912888,-0.336356,0.506545,-0.00351579,-0.0142078,-0.549765,0.0033998,-0.330723,-0.513304,-0.538556,-0.00783041,0.00785419,0.00373733,-0.310679,-0.492883,0.0021304,0.0401428,0.30734,-0.497271,-0.310531,0.490921,0.307493,0.487381,-0.00458417,-0.0460735,-0.593263,-0.00786157,-0.984862,0.373385,-0.378885,0.494872,0.375514,-0.504861,0.588047,-0.00134503,0.981041,-0.381154,1.00524,0.370547,0.59325,0.0114293,0.406865,0.525199,-0.591669,-0.0134482,-0.400531,-0.525469,-1.00031,-0.376368,0.0023188,1.03161,0.29706,0.571361,-0.320671,0.590726,-0.00595532,-1.03178,-0.302881,-0.572941,0.314935,-0.589369,-0.563526,-0.00841709,-1.01725,-0.313106,-1.01133,0.304899,1.01367,-0.312491,0.5618,-0.005059,1.0115,0.305539,0.603787,1.05729,0.314049,0.511378,0.0607397,0.995664,0.0609572,-0.995544,0.311829,-0.509991,0.604308,-1.05444,-0.325072,0.507472,-0.611072,1.05535,-0.0684583,0.990016,-0.325996,-0.512622,-0.068619,-0.994758,-0.611129,-1.06095,0.681844,1.00617,0.923632,0.437399,0.310164,0.512392,-0.314106,0.521765,-0.926117,0.435693,-0.694652,1.00875,0.31569,-0.519618,0.928626,-0.440398,0.690765,-1.01083,-0.316158,-0.515846,-0.690307,-1.00776,-0.929242,-0.43778,
0.364294,-0.508878,0.0329224,0.0128105,0.57912,-0.00633596,0.36365,0.496951,0.559233,-0.0133876,0.0127021,-0.0117742,-0.359603,0.520636,-0.0285814,-0.00127514,-0.574766,0.0182381,-0.367623,-0.521258,-0.571267,-0.0140823,-0.0247793,-0.0070367,-0.32126,-0.532405,0.00824195,-0.00953387,0.296311,-0.556327,-0.324663,0.521895,0.293273,0.532898,-0.00616618,-0.00775198,-0.581939,-0.00108705,-0.981351,0.371966,-0.378021,0.505979,0.374544,-0.516416,0.5766,-0.00860543,0.977378,-0.38019,0.999025,0.366914,0.596765,-0.00306598,0.396741,0.505548,-0.591854,-0.0043473,-0.389933,-0.512212,-0.99273,-0.375826,0.00564083,1.01713,0.305192,0.559999,-0.312708,0.572885,-0.0133385,-1.01902,-0.317216,-0.564752,0.300778,-0.571771,-0.571056,-0.00758076,-1.02337,-0.314358,-1.0203,0.303668,1.01335,-0.310553,0.567018,0.00485651,1.02216,0.307418,0.610206,1.06337,0.322286,0.516502,0.0673659,0.999942,0.0728162,-0.997175,0.335842,-0.518098,0.61451,-1.06974,-0.333645,0.51832,-0.621724,1.06511,-0.0788655,1.00183,-0.326352,-0.517808,-0.0723183,-1.00171,-0.615273,-1.06415,0.691891,1.01703,0.920928,0.442998,0.309287,0.531659,-0.322287,0.510003,-0.93615,0.438324,-0.691294,1.00578,0.316459,-0.517038,0.930024,-0.442843,0.687496,-1.0113,-0.318398,-0.530899,-0.700049,-1.01701,-0.930212,-0.443437,
0.364123,-0.547262,0.0243007,-0.0310386,0.570738,-0.041289,0.361127,0.538585,0.558536,0.0289494,0.0120029,0.0286063,-0.360118,0.517326,-0.0260305,-0.00262714,-0.57232,0.0136715,-0.364098,-0.520819,-0.571793,-0.015288,-0.0253788,-0.00387074,-0.31879,-0.534019,0.0063907,-0.00844892,0.298958,-0.552848,-0.32247,0.523587,0.295535,0.529645,-0.00822048,-0.00859138,-0.590328,-0.00467605,-0.981785,0.376715,-0.375764,0.497978,0.36856,-0.50373,0.588385,-0.00335457,0.97582,-0.388832,0.993051,0.370214,0.5852,0.00640633,0.392948,0.518009,-0.581839,-0.0109675,-0.389,-0.52235,-0.989272,-0.375243,0.00387829,1.01254,0.30511,0.556516,-0.312833,0.567128,-0.00811989,-1.01371,-0.306065,-0.55553,0.311785,-0.570584,-0.574763,0.00163582,-1.02386,-0.309827,-1.02722,0.308198,1.02642,-0.317175,0.572365,-0.0129773,1.01983,0.300824,0.610036,1.06294,0.312117,0.52145,0.0661228,1.00949,0.0699584,-1.00589,0.322584,-0.521252,0.613093,-1.06675,-0.337066,0.520231,-0.621758,1.06879,-0.0793017,1.00216,-0.328326,-0.524387,-0.076734,-1.00957,-0.619997,-1.06927,0.688749,1.01363,0.931497,0.445265,0.317904,0.519222,-0.322706,0.512629,-0.936112,0.43714,-0.694785,1.00611,0.321831,-0.515714,0.935823,-0.445145,0.689942,-1.01216,-0.325348,-0.520883,-0.697108,-1.0146,-0.938803,-0.44579,
0.320832,-0.530503,-0.00890965,-0.00778296,0.537226,-0.0286341,0.357547,0.535702,0.559041,0.0276678,0.0125285,0.0229363,-0.357828,0.515874,-0.025869,-0.00544044,-0.572088,0.0130909,-0.363036,-0.519699,-0.57105,-0.0142994,-0.0246431,-0.00253699,-0.316628,-0.535728,0.00433713,-0.00757336,0.30125,-0.549615,-0.320355,0.526741,0.297677,0.525272,-0.0126111,-0.00922467,-0.580883,0.000484303,-0.979188,0.374719,-0.375464,0.506944,0.404387,-0.532491,0.606297,-0.0246217,1.00718,-0.396091,0.990282,0.370593,0.589248,-0.000714733,0.387543,0.507235,-0.586462,-0.00329955,-0.382967,-0.510535,-0.986185,-0.37602,0.0012675,1.00862,0.299278,0.550483,-0.318575,0.565449,-0.00713679,-1.00994,-0.315191,-0.558493,0.302842,-0.559812,-0.577442,-0.0104658,-1.03283,-0.312655,-1.02352,0.305309,1.02265,-0.314174,0.575232,-0.000297273,1.02933,0.303824,0.610332,1.07048,0.323476,0.523046,0.0676168,1.00599,0.0718676,-1.00235,0.335172,-0.523426,0.61352,-1.07523,-0.330551,0.521435,-0.62172,1.06658,-0.0785122,1.00638,-0.32522,-0.523848,-0.0768678,-1.01069,-0.620516,-1.06677,0.697332,1.01813,0.926238,0.444046,0.314617,0.532848,-0.325878,0.507563,-0.939973,0.437893,-0.693262,1.00455,0.319167,-0.523199,0.931962,-0.442895,0.695109,-1.01374,-0.322564,-0.533826,-0.705117,-1.01923,-0.934214,-0.445227,
0.323273,-0.52295,0.00572045,0.00726388,0.551227,-0.0262247,0.353906,0.534482,0.559469,0.0280803,0.0130117,0.0189653,-0.359738,0.517,-0.0235039,-0.0015675,-0.569857,0.0124722,-0.366405,-0.522994,-0.568108,-0.0150434,-0.0215976,-0.0100875,-0.321902,-0.553771,-0.0202232,-0.0143677,0.296074,-0.545331,-0.318798,0.52724,0.299223,0.523168,-0.0133138,-0.0100179,-0.583035,-0.00501688,-0.977038,0.373745,-0.371842,0.499062,0.393531,-0.505353,0.614398,-0.00543746,1.00103,-0.391721,0.988154,0.368692,0.582453,0.00248897,0.387192,0.512951,-0.577643,-0.00799526,-0.383185,-0.518764,-0.98392,-0.37356,0.00065819,1.00559,0.307076,0.553038,-0.310948,0.556595,-0.00771388,-1.00734,-0.308679,-0.551139,0.309258,-0.562112,-0.579527,-0.000235228,-1.02944,-0.310519,-1.03118,0.307513,1.02877,-0.314544,0.576557,-0.00761765,1.02591,0.303484,0.609547,1.06619,0.311188,0.524946,0.0655905,1.01319,0.0696766,-1.00963,0.32389,-0.525821,0.612608,-1.07227,-0.340994,0.522647,-0.621463,1.07338,-0.0795347,1.00258,-0.327012,-0.526396,-0.0767095,-1.01224,-0.620129,-1.0705,0.69475,1.01637,0.933177,0.446178,0.320163,0.52479,-0.323207,0.516624,-0.936012,0.436405,-0.699081,1.00722,0.325074,-0.535459,0.938138,-0.457233,0.699352,-1.02727,-0.32664,-0.52675,-0.702045,-1.01771,-0.939522,-0.447117,
0.325211,-0.5219,0.00342647,0.0057564,0.549183,-0.0233672,0.350231,0.532826,0.559836,0.0280847,0.0134696,0.0146003,-0.356152,0.516056,-0.0240787,-0.00518608,-0.570302,0.0132254,-0.362868,-0.52249,-0.568627,-0.0161679,-0.0221732,-0.00684122,-0.325543,-0.539142,-0.00891723,-0.00837442,0.292428,-0.547964,-0.318455,0.525657,0.299574,0.523155,-0.0116069,-0.0108228,-0.576809,-0.00310236,-0.975671,0.370539,-0.372145,0.503663,0.391963,-0.518389,0.60186,-0.0137684,0.996834,-0.391517,0.986752,0.370574,0.583993,0.00113715,0.384655,0.510021,-0.579182,-0.00663976,-0.380644,-0.515836,-0.982521,-0.375443,0.000240951,1.00238,0.301196,0.546173,-0.31674,0.557159,-0.00315299,-1.013,-0.31287,-0.562699,0.305164,-0.561739,-0.580474,-0.00579533,-1.03472,-0.309699,-1.02774,0.308296,1.0261,-0.309533,0.580976,0.00758648,1.03728,0.3084,0.609336,1.0729,0.321226,0.526132,0.0664747,1.00966,0.0680699,-1.00887,0.325549,-0.526793,0.610566,-1.07518,-0.331087,0.524461,-0.621028,1.07026,-0.0779574,1.00884,-0.326522,-0.526124,-0.076687,-1.01221,-0.620162,-1.06995,0.697513,1.01624,0.930425,0.443771,0.318199,0.528296,-0.328561,0.507339,-0.942787,0.438843,-0.694993,1.00503,0.327365,-0.529559,0.941426,-0.459596,0.694985,-1.02637,-0.325495,-0.527784,-0.703407,-1.01681,-0.937961,-0.445016,
0.327146,-0.520828,0.00115099,0.00423705,0.547123,-0.0205196,0.350562,0.531086,0.558338,0.025589,0.0119263,0.0140836,-0.355961,0.513723,-0.0227714,-0.00680682,-0.569032,0.0104347,-0.359695,-0.521994,-0.568974,-0.0171175,-0.0225986,-0.00398673,-0.322964,-0.540616,-0.010582,-0.00733993,0.295058,-0.544509,-0.317366,0.525352,0.300658,0.521857,-0.0113807,-0.01162,-0.582445,-0.00600152,-0.97568,0.373557,-0.370232,0.497649,0.392856,-0.519755,0.598709,-0.0134714,0.996693,-0.388048,0.984112,0.370506,0.579621,0.00296643,0.382678,0.512782,-0.579956,-0.00547705,-0.378685,-0.513599,-0.981307,-0.376443,-0.000891637,1.00095,0.304426,0.547653,-0.313588,0.552711,-0.00510271,-1.01101,-0.307453,-0.555731,0.310514,-0.564825,-0.579657,-0.00259122,-1.03146,-0.310119,-1.02942,0.307912,1.03167,-0.310857,0.582211,8.9816e-05,1.03432,0.307171,0.609872,1.06913,0.314461,0.526273,0.0662117,1.01317,0.0682644,-1.01011,0.322054,-0.526077,0.611251,-1.07227,-0.335508,0.524094,-0.619317,1.07311,-0.0769684,1.00561,-0.329386,-0.527202,-0.0779771,-1.01248,-0.621262,-1.07197,0.695011,1.0157,0.932628,0.445166,0.319726,0.524649,-0.326422,0.511543,-0.939863,0.436332,-0.698277,1.00519,0.325619,-0.530954,0.939198,-0.45688,0.696559,-1.02529,-0.326206,-0.524971,-0.701586,-1.01595,-0.939092,-0.44537,
0.329079,-0.519734,-0.00110588,0.00270596,0.545047,-0.0176821,0.348918,0.529471,0.557778,0.0244207,0.0113919,0.011743,-0.356464,0.515396,-0.0211474,-0.00376589,-0.567474,0.01124,-0.364343,-0.524919,-0.565463,-0.0167366,-0.0189466,-0.0124078,-0.321543,-0.540792,-0.0104765,-0.00674696,0.296487,-0.543161,-0.31686,0.524287,0.301168,0.521676,-0.0101071,-0.012247,-0.577056,-0.00465267,-0.974622,0.370367,-0.370639,0.501401,0.392383,-0.51937,0.597457,-0.0127703,0.996017,-0.386734,0.982701,0.372386,0.581163,0.00162233,0.380147,0.509846,-0.578245,-0.00488607,-0.378555,-0.513632,-0.980748,-0.374601,-0.0012917,0.999877,0.30483,0.547121,-0.313191,0.551082,-0.0037077,-1.00829,-0.313847,-0.558276,0.304185,-0.556736,-0.580194,-0.00578308,-1.03437,-0.309793,-1.02753,0.308203,1.03049,-0.310236,0.581413,0.00125119,1.03389,0.307789,0.607926,1.07033,0.316118,0.525529,0.0646485,1.01077,0.0689956,-1.00736,0.330074,-0.527215,0.61098,-1.07772,-0.33196,0.523373,-0.620152,1.0701,-0.077281,1.00694,-0.325977,-0.526942,-0.0779724,-1.01397,-0.621661,-1.06965,0.696649,1.01541,0.930508,0.443331,0.318143,0.526843,-0.32594,0.510687,-0.939489,0.436367,-0.697078,1.00488,0.324663,-0.53052,0.938159,-0.455762,0.696154,-1.02444,-0.325468,-0.525346,-0.702721,-1.01488,-0.938045,-0.443404,
0.330971,-0.518626,-0.00332367,0.00119399,0.542973,-0.0148866,0.348474,0.528008,0.55669,0.0226922,0.0102887,0.0107111,-0.352896,0.51417,-0.0216727,-0.00761245,-0.567865,0.0116894,-0.360769,-0.524138,-0.565945,-0.0175804,-0.0194815,-0.00888199,-0.320775,-0.539827,-0.00909963,-0.00613703,0.297252,-0.5429,-0.315798,0.523981,0.302228,0.520841,-0.00950385,-0.012815,-0.575281,-0.00523944,-0.97409,0.368457,-0.370545,0.501497,0.391386,-0.518321,0.596929,-0.0119108,0.995142,-0.386242,0.98213,0.370581,0.57948,0.00102431,0.379991,0.509849,-0.577777,-0.00401116,-0.377511,-0.512531,-0.979861,-0.374182,-0.000743866,0.999032,0.305448,0.546324,-0.312574,0.550189,-0.00578617,-1.00666,-0.309368,-0.552197,0.308622,-0.559618,-0.579377,-0.00257897,-1.03111,-0.310212,-1.02921,0.307819,1.02994,-0.310303,0.580612,0.00083164,1.03285,0.307724,0.608111,1.06817,0.313634,0.524799,0.0645478,1.01127,0.0678052,-1.01162,0.322284,-0.527944,0.610702,-1.07455,-0.331586,0.522559,-0.6191,1.06964,-0.0763073,1.00581,-0.330588,-0.527039,-0.0779739,-1.01169,-0.62111,-1.07253,0.69423,1.01536,0.930829,0.444411,0.31807,0.524986,-0.324821,0.511498,-0.938152,0.435398,-0.69739,1.00461,0.327,-0.52578,0.94107,-0.455892,0.69456,-1.02264,-0.3249,-0.524579,-0.701552,-1.01458,-0.937577,-0.443388,
0.328648,-0.5181,-0.00317948,0.00329848,0.543035,-0.0153704,0.34734,0.526617,0.555937,0.0214576,0.00954444,0.00906462,-0.353636,0.51263,-0.0199661,-0.00759104,-0.566243,0.00914591,-0.357787,-0.5233,-0.566134,-0.0180375,-0.0197351,-0.00591464,-0.319742,-0.539558,-0.0084097,-0.00566784,0.298286,-0.542234,-0.315139,0.523524,0.302887,0.520395,-0.00883561,-0.0132665,-0.576568,-0.0064272,-0.973099,0.369687,-0.368756,0.499056,0.390155,-0.516972,0.596725,-0.010981,0.994178,-0.38612,0.981172,0.370465,0.579279,8.64761e-05,0.37875,0.508502,-0.576999,-0.00320596,-0.376694,-0.51171,-0.979055,-0.373408,-0.000399099,0.997453,0.304032,0.543559,-0.31397,0.549824,-0.003554,-1.00523,-0.311683,-0.553836,0.30635,-0.555053,-0.578582,-0.00283702,-1.03139,-0.308878,-1.02732,0.309142,1.0289,-0.310284,0.579813,0.00119184,1.03228,0.307741,0.607313,1.06958,0.315908,0.524561,0.0640793,1.00962,0.0671098,-1.00963,0.325152,-0.527847,0.609528,-1.07657,-0.33053,0.521767,-0.618451,1.06864,-0.0756114,1.00521,-0.324448,-0.52732,-0.078105,-1.01519,-0.62198,-1.06902,0.694541,1.01497,0.929469,0.443325,0.316948,0.525692,-0.324484,0.510229,-0.93803,0.435884,-0.695641,1.0044,0.325072,-0.527877,0.938563,-0.453078,0.696595,-1.02178,-0.325521,-0.523008,-0.701513,-1.01351,-0.938307,-0.442642,
0.329036,-0.517346,-0.00426674,0.00311075,0.541998,-0.0140115,0.346637,0.52534,0.555006,0.0200867,0.00860805,0.00794038,-0.352483,0.51302,-0.0192206,-0.00746216,-0.565484,0.00970213,-0.360431,-0.524832,-0.563539,-0.0174414,-0.0170444,-0.0109727,-0.318815,-0.538971,-0.00728277,-0.00519732,0.299213,-0.541878,-0.314526,0.523326,0.303499,0.519923,-0.00846139,-0.0136005,-0.572868,-0.00621429,-0.972544,0.366556,-0.369309,0.500996,0.390154,-0.517252,0.594797,-0.0104786,0.993674,-0.384103,0.980296,0.368851,0.577446,-0.000486642,0.378233,0.508446,-0.576191,-0.00262532,-0.375892,-0.511132,-0.978251,-0.372822,-0.00191468,0.996668,0.306005,0.545133,-0.312027,0.546636,-0.00494464,-1.00433,-0.309643,-0.550616,0.308363,-0.556518,-0.578326,-0.00279523,-1.03108,-0.308913,-1.02712,0.309108,1.02813,-0.310685,0.579066,0.000827115,1.03156,0.307339,0.607815,1.0669,0.31273,0.523858,0.0641883,1.01061,0.0672564,-1.01102,0.321435,-0.527193,0.610193,-1.07362,-0.329999,0.520959,-0.617492,1.06805,-0.0747021,1.0042,-0.327103,-0.526656,-0.0767836,-1.01249,-0.620201,-1.07077,0.693008,1.01464,0.929209,0.443527,0.316506,0.52453,-0.323451,0.510572,-0.936839,0.434936,-0.695647,1.00396,0.324504,-0.526536,0.938117,-0.452746,0.695215,-1.02105,-0.324379,-0.523573,-0.70178,-1.013,-0.936932,-0.441446,
0.327974,-0.516829,-0.00444244,0.00419367,0.541792,-0.013858,0.345693,0.524112,0.554197,0.0189143,0.00780179,0.00662243,-0.351091,0.511739,-0.0186389,-0.00926171,-0.564875,0.00875343,-0.356839,-0.523932,-0.564,-0.0181824,-0.0175747,-0.00734109,-0.317819,-0.538533,-0.00620001,-0.00480989,0.300208,-0.541541,-0.314116,0.52322,0.303907,0.519549,-0.00828397,-0.0138394,-0.574509,-0.00753887,-0.971058,0.368556,-0.366721,0.497954,0.388675,-0.515678,0.594895,-0.00954394,0.992607,-0.384408,0.979258,0.368744,0.577172,-0.00142634,0.376908,0.507094,-0.575381,-0.00193863,-0.375243,-0.510508,-0.977558,-0.372009,0.000119567,0.994793,0.302913,0.539804,-0.315063,0.548297,-0.00288359,-1.00304,-0.311441,-0.551945,0.306592,-0.552575,-0.577523,-0.00159897,-1.02966,-0.308635,-1.02695,0.309393,1.0273,-0.310251,0.578266,0.00129642,1.03078,0.307773,0.606864,1.06959,0.316786,0.523855,0.0637777,1.0083,0.0662227,-1.00879,0.324132,-0.526941,0.608659,-1.07559,-0.328923,0.520167,-0.616856,1.06703,-0.0740145,1.00361,-0.325483,-0.526049,-0.076301,-1.01247,-0.619853,-1.06948,0.692715,1.01414,0.92818,0.442719,0.315583,0.524511,-0.322975,0.509615,-0.936505,0.435132,-0.694244,1.00371,0.323333,-0.526608,0.936748,-0.451189,0.695355,-1.02013,-0.324077,-0.522839,-0.70079,-1.01279,-0.936745,-0.441573,
0.327911,-0.516247,-0.00503436,0.00443895,0.541219,-0.0130586,0.344908,0.522963,0.553329,0.0177314,0.0069322,0.00552836,-0.35147,0.512341,-0.0171572,-0.00746796,-0.563454,0.00859415,-0.358457,-0.525878,-0.561855,-0.0186037,-0.0153638,-0.0118225,-0.31673,-0.538069,-0.00492961,-0.00445268,0.301296,-0.541288,-0.313905,0.523179,0.304117,0.519252,-0.00829495,-0.0140065,-0.570023,-0.00673889,-0.970192,0.365502,-0.367136,0.50074,0.388215,-0.516043,0.593027,-0.00933784,0.99178,-0.383095,0.978116,0.367333,0.574983,-0.00169477,0.376161,0.507391,-0.574901,-0.00143675,-0.37431,-0.509828,-0.976749,-0.371865,-0.00133603,0.993724,0.305183,0.541237,-0.312841,0.544655,-0.00433985,-1.00223,-0.309502,-0.548831,0.308509,-0.5541,-0.577618,-0.00418153,-1.03107,-0.309274,-1.0257,0.308736,1.02677,-0.311026,0.577874,0.000734678,1.03053,0.306997,0.607687,1.06595,0.311561,0.523482,0.0639537,1.01071,0.0662527,-1.01031,0.320278,-0.526404,0.609209,-1.07274,-0.330019,0.519498,-0.615984,1.06739,-0.073374,1.00202,-0.325569,-0.525212,-0.0751492,-1.011,-0.618554,-1.06939,0.691783,1.01331,0.928068,0.442228,0.315354,0.52314,-0.322036,0.509694,-0.935461,0.434352,-0.693996,1.00326,0.323106,-0.524519,0.936803,-0.451431,0.69325,-1.01945,-0.323238,-0.522774,-0.70031,-1.01245,-0.935846,-0.441058,
0.327402,-0.515808,-0.00525785,0.00506021,0.540985,-0.012737,0.344484,0.521885,0.552411,0.0164497,0.00600224,0.0047811,-0.349224,0.511287,-0.0171516,-0.00995572,-0.563374,0.00845707,-0.355207,-0.52494,-0.562253,-0.0191431,-0.0158247,-0.00842663,-0.315603,-0.537655,-0.00360344,-0.0041545,0.302421,-0.541104,-0.313899,0.523231,0.304121,0.518999,-0.00855348,-0.0141057,-0.573247,-0.00818225,-0.969042,0.368706,-0.364448,0.496893,0.386668,-0.514803,0.593027,-0.00872558,0.990636,-0.3837,0.977103,0.36762,0.57508,-0.00261805,0.37473,0.505868,-0.573602,-0.00115759,-0.374171,-0.510005,-0.976293,-0.370669,-0.000703591,0.992368,0.303932,0.538611,-0.314073,0.544599,-0.00297543,-1.00098,-0.311157,-0.54962,0.306875,-0.550764,-0.577046,-0.00186001,-1.02887,-0.309354,-1.02679,0.308676,1.02609,-0.310347,0.577186,0.00139938,1.02984,0.307675,0.606138,1.06817,0.314736,0.523151,0.0629047,1.00821,0.0653688,-1.00814,0.323235,-0.526265,0.607811,-1.07488,-0.327609,0.518874,-0.616194,1.06539,-0.0732779,1.00262,-0.323965,-0.524693,-0.0747597,-1.0111,-0.618309,-1.06813,0.691506,1.01278,0.927134,0.441424,0.314513,0.52304,-0.32199,0.508427,-0.935595,0.434565,-0.692759,1.00289,0.321821,-0.525151,0.935218,-0.449585,0.693961,-1.01859,-0.322832,-0.522665,-0.69993,-1.01232,-0.935436,-0.440917,
0.327184,-0.515887,-0.00560051,0.00490083,0.540647,-0.0127653,0.344664,0.520796,0.551212,0.0147951,0.00477365,0.00461709,-0.349624,0.511244,-0.0157997,-0.00887806,-0.562081,0.00769685,-0.356157,-0.526141,-0.560567,-0.0192735,-0.0140903,-0.0114024,-0.314395,-0.537211,-0.00211531,-0.00387509,0.303628,-0.540985,-0.314102,0.523329,0.303915,0.518762,-0.00904892,-0.014173,-0.569311,-0.00748271,-0.968438,0.365875,-0.365007,0.499428,0.386284,-0.515276,0.591211,-0.00861709,0.989879,-0.382465,0.976031,0.366276,0.572885,-0.0027378,0.374081,0.506355,-0.573682,-0.000650557,-0.372851,-0.508947,-0.975355,-0.371268,-0.00200487,0.991606,0.305675,0.539908,-0.312356,0.541739,-0.00415934,-1.00025,-0.309476,-0.546947,0.308538,-0.552006,-0.577035,-0.00361169,-1.0304,-0.308832,-1.02521,0.30918,1.02592,-0.310948,0.576953,0.0006985,1.02954,0.307075,0.606541,1.06568,0.311663,0.522525,0.0629355,1.00918,0.0653894,-1.00953,0.31976,-0.525798,0.608301,-1.07234,-0.328439,0.518111,-0.614878,1.06576,-0.0722121,1.00086,-0.324058,-0.524009,-0.0739789,-1.00997,-0.617425,-1.06798,0.690569,1.01219,0.926596,0.441001,0.313918,0.52219,-0.320916,0.509094,-0.934301,0.43343,-0.693135,1.00247,0.321691,-0.523103,0.935379,-0.449943,0.691894,-1.01799,-0.322252,-0.522399,-0.699238,-1.01214,-0.934874,-0.440791,
0.32655,-0.516086,-0.00574105,0.00501749,0.540489,-0.0131662,0.343627,0.519876,0.550605,0.0140515,0.00417599,0.00340811,-0.347844,0.510179,-0.0155575,-0.0109275,-0.561788,0.0072611,-0.35294,-0.525159,-0.560938,-0.0197533,-0.0145315,-0.00800753,-0.31366,-0.536517,-0.00142489,-0.00315491,0.304363,-0.54024,-0.313926,0.522854,0.304091,0.518291,-0.00886906,-0.0146458,-0.569871,-0.00833337,-0.967139,0.367002,-0.363051,0.497556,0.384586,-0.513919,0.591354,-0.00800849,0.98866,-0.383304,0.975021,0.366601,0.573028,-0.00366889,0.372637,0.504801,-0.572512,-0.000455568,-0.372899,-0.509232,-0.975071,-0.37011,-0.000282,0.990187,0.30372,0.536006,-0.314276,0.542855,-0.002938,-0.999029,-0.310943,-0.547552,0.30709,-0.548939,-0.576382,-0.00142107,-1.02825,-0.308856,-1.02608,0.309174,1.02512,-0.310307,0.576288,0.00154232,1.02901,0.307715,0.605625,1.06721,0.314027,0.522289,0.0623702,1.00744,0.0645895,-1.00763,0.322232,-0.525631,0.607063,-1.07412,-0.326429,0.517496,-0.614818,1.06412,-0.0719239,1.00115,-0.322748,-0.523501,-0.0734458,-1.00986,-0.616984,-1.067,0.689971,1.01162,0.925843,0.440367,0.313187,0.521723,-0.321038,0.50743,-0.934677,0.433861,-0.69157,1.00207,0.320429,-0.523913,0.93383,-0.44838,0.692544,-1.01737,-0.321834,-0.522422,-0.699014,-1.01202,-0.934424,-0.440572,
0.326013,-0.518024,-0.00596218,0.00328067,0.540257,-0.0152337,0.344398,0.51979,0.54921,0.0130839,0.00273955,0.00477967,-0.34933,0.511729,-0.0136086,-0.00717027,-0.559947,0.00740906,-0.355943,-0.527717,-0.558217,-0.0199933,-0.0117122,-0.0144228,-0.313007,-0.535689,-0.000585901,-0.00243568,0.305014,-0.539627,-0.313827,0.522606,0.304187,0.517636,-0.00912495,-0.0150947,-0.567416,-0.00831256,-0.96634,0.365262,-0.362836,0.498487,0.384416,-0.514685,0.589223,-0.00797769,0.98798,-0.381731,0.973935,0.36523,0.570752,-0.00374472,0.371998,0.505368,-0.572824,-2.77154e-06,-0.371896,-0.508261,-0.974426,-0.370698,-0.00152958,0.98917,0.305866,0.537278,-0.312164,0.539498,-0.00409794,-0.99824,-0.309185,-0.544786,0.308826,-0.550159,-0.575946,-0.00301504,-1.02894,-0.308791,-1.0245,0.309227,1.0251,-0.310982,0.576092,0.000606162,1.02864,0.307042,0.605902,1.06481,0.310985,0.521678,0.0622925,1.00835,0.064621,-1.00899,0.318787,-0.525153,0.607559,-1.07157,-0.328044,0.516926,-0.613818,1.06492,-0.0712311,0.999363,-0.322858,-0.523026,-0.0729938,-1.0091,-0.616465,-1.06686,0.689207,1.01089,0.925217,0.439693,0.312541,0.520901,-0.319874,0.508288,-0.933248,0.432535,-0.692165,1.00161,0.320281,-0.521895,0.933969,-0.448728,0.69049,-1.01678,-0.321388,-0.522122,-0.698373,-1.01187,-0.934011,-0.440515,
0.324172,-0.51697,-0.00357739,0.00700245,0.542474,-0.0159284,0.341434,0.519008,0.549532,0.0136433,0.00312743,0.00178961,-0.345008,0.510759,-0.0153765,-0.0120303,-0.561507,0.00893603,-0.352672,-0.526605,-0.558594,-0.0203498,-0.0121436,-0.0108474,-0.314231,-0.536796,-0.00269941,-0.00302199,0.303797,-0.539703,-0.31331,0.523114,0.304685,0.516164,-0.0103314,-0.01556,-0.567778,-0.00908627,-0.965043,0.366252,-0.360955,0.496802,0.382402,-0.512881,0.589734,-0.00720175,0.986621,-0.38294,0.972931,0.365664,0.571023,-0.00469781,0.370516,0.503727,-0.571576,6.00374e-05,-0.372068,-0.508757,-0.974211,-0.369512,-7.43622e-05,0.987759,0.304064,0.533668,-0.313934,0.540332,-0.00270388,-0.996894,-0.31111,-0.545691,0.306923,-0.546528,-0.575355,-0.00155809,-1.02739,-0.308745,-1.02488,0.309284,1.02424,-0.310336,0.575417,0.00152685,1.02815,0.307686,0.604982,1.06632,0.31332,0.521436,0.06172,1.00661,0.0638921,-1.00688,0.32195,-0.525103,0.606308,-1.07384,-0.325113,0.516508,-0.613946,1.0629,-0.071001,1.00037,-0.321669,-0.522552,-0.0723597,-1.00891,-0.615897,-1.06606,0.688628,1.01035,0.924459,0.439079,0.311809,0.520479,-0.320341,0.50632,-0.934022,0.433097,-0.690595,1.00117,0.319044,-0.523099,0.93244,-0.447529,0.691188,-1.01653,-0.320994,-0.522375,-0.698352,-1.01183,-0.933554,-0.440301,
0.329617,-0.521671,-0.00736398,-0.00358804,0.539008,-0.0168402,0.345727,0.522225,0.54666,0.0139691,0.00014218,0.0098415,-0.345701,0.508144,-0.0109407,-0.0113764,-0.557251,0.00421444,-0.352173,-0.52732,-0.55772,-0.0209119,-0.0112629,-0.0118139,-0.313985,-0.535556,-0.00101995,-0.00262143,0.304032,-0.540124,-0.314217,0.521584,0.303798,0.516723,-0.0094187,-0.0160632,-0.573565,-0.00859266,-0.968486,0.369211,-0.363597,0.495998,0.382563,-0.514237,0.586997,-0.00737923,0.986029,-0.380839,0.971875,0.364192,0.568676,-0.00476465,0.369944,0.504356,-0.572072,0.000461737,-0.371171,-0.507807,-0.973694,-0.370211,-0.00128377,0.986712,0.306276,0.534932,-0.311755,0.536927,-0.00423619,-0.995933,-0.308742,-0.542089,0.309261,-0.548253,-0.57483,-0.00278561,-1.02767,-0.308786,-1.02354,0.309234,1.02421,-0.310907,0.575277,0.000792686,1.0279,0.307116,0.605192,1.06394,0.310137,0.520882,0.0615686,1.00762,0.0637362,-1.00847,0.318202,-0.524791,0.606635,-1.07139,-0.327248,0.515954,-0.612726,1.0641,-0.070175,0.998252,-0.322056,-0.522321,-0.0722357,-1.00842,-0.615713,-1.06613,0.687888,1.00957,0.923912,0.438377,0.311234,0.519569,-0.319003,0.507724,-0.932318,0.431496,-0.691676,1.00076,0.31921,-0.520633,0.932958,-0.447969,0.689013,-1.01582,-0.320713,-0.52208,-0.697762,-1.01177,-0.933325,-0.440392,
0.325503,-0.518542,0.00211559,0.00813297,0.547958,-0.0193307,0.343046,0.518835,0.553172,0.0143101,0.00681934,0.000262553,-0.341974,0.506871,-0.0140738,-0.0170059,-0.560132,0.00576729,-0.350253,-0.52635,-0.557535,-0.0206498,-0.0111123,-0.00967788,-0.316618,-0.543312,-0.0117517,-0.00570382,0.301398,-0.53853,-0.316239,0.52843,0.301646,0.514858,-0.01905,-0.0134603,-0.569173,-0.00729388,-0.967763,0.366637,-0.36414,0.499322,0.380153,-0.511319,0.588227,-0.00594446,0.984562,-0.382265,0.970862,0.364641,0.568954,-0.00572085,0.368446,0.502703,-0.569938,0.000118496,-0.370989,-0.508918,-0.972979,-0.36901,0.000284377,0.985203,0.304133,0.530918,-0.313861,0.537976,-0.00226558,-0.994544,-0.311087,-0.543626,0.306947,-0.543894,-0.575502,-0.00391169,-1.02876,-0.309295,-1.02379,0.308719,1.02355,-0.310193,0.574557,0.00141843,1.02712,0.307831,0.604274,1.06581,0.312983,0.520723,0.0610528,1.00573,0.0631823,-1.00657,0.321238,-0.524795,0.605598,-1.07353,-0.323902,0.515615,-0.612956,1.06189,-0.0699861,0.999583,-0.32071,-0.521913,-0.071537,-1.00834,-0.61509,-1.06533,0.687661,1.00929,0.923003,0.437821,0.310423,0.519746,-0.319823,0.504745,-0.933602,0.432343,-0.689414,1.00009,0.317805,-0.523046,0.931133,-0.446926,0.690391,-1.01614,-0.320466,-0.522063,-0.697686,-1.01163,-0.93305,-0.440163,
0.33196,-0.524323,-0.00289776,-0.00486519,0.543416,-0.0203536,0.350125,0.523246,0.549105,0.0142224,0.00257599,0.0121925,-0.348544,0.512707,-0.0142352,-0.00710368,-0.560532,0.00896173,-0.357,-0.532163,-0.556959,-0.0235232,-0.0104341,-0.0204425,-0.319241,-0.533532,0.00350022,-0.00645993,0.298587,-0.549497,-0.315406,0.526225,0.302584,0.518868,-0.0127825,-0.0126488,-0.568962,-0.00801369,-0.966693,0.366831,-0.362767,0.49813,0.380586,-0.513529,0.584668,-0.00652877,0.983959,-0.379711,0.969837,0.363175,0.566697,-0.00584646,0.367884,0.503243,-0.570352,0.000670768,-0.369503,-0.507619,-0.972012,-0.369961,-0.000850406,0.984084,0.306523,0.532178,-0.311506,0.534428,-0.00417394,-0.995357,-0.30841,-0.541332,0.309589,-0.547862,-0.574774,-0.00188452,-1.0267,-0.309237,-1.02442,0.308793,1.02317,-0.310767,0.574564,0.00140022,1.0275,0.307251,0.604589,1.06312,0.308934,0.520393,0.0609035,1.0074,0.0628956,-1.00838,0.317209,-0.524619,0.605814,-1.07113,-0.326575,0.515123,-0.611639,1.06349,-0.0691375,0.997226,-0.322258,-0.521874,-0.0717218,-1.0076,-0.615113,-1.06612,0.686696,1.00845,0.923014,0.437384,0.310294,0.518262,-0.318256,0.506431,-0.931561,0.430126,-0.69099,0.999417,0.318411,-0.519829,0.93223,-0.447771,0.687725,-1.01538,-0.320083,-0.521906,-0.697191,-1.01156,-0.932685,-0.440146,
0.327701,-0.521795,0.00305162,0.00410366,0.548959,-0.0220514,0.346862,0.522071,0.54949,0.0144884,0.00298933,0.00853708,-0.34527,0.510731,-0.0176334,-0.0133117,-0.56368,0.00973667,-0.353688,-0.53069,-0.557291,-0.0234973,-0.0108024,-0.0164958,-0.318194,-0.536286,-0.0074025,-0.00208123,0.299837,-0.538337,-0.314798,0.524364,0.303225,0.520673,-0.0089832,-0.0127049,-0.567289,-0.00810514,-0.965862,0.365844,-0.362233,0.498502,0.378097,-0.510338,0.586197,-0.00497417,0.982513,-0.381314,0.968776,0.363429,0.566711,-0.00676304,0.366419,0.501746,-0.569286,0.000798631,-0.369242,-0.507808,-0.971532,-0.369197,0.000510934,0.982522,0.30432,0.52821,-0.313673,0.535323,-0.00964304,-1.00415,-0.307803,-0.546115,0.310055,-0.560879,-0.574316,-0.00277184,-1.02726,-0.308609,-1.02291,0.30941,1.02317,-0.31027,0.573841,0.000865881,1.02608,0.307757,0.603346,1.06565,0.312637,0.520258,0.0601892,1.00499,0.0625898,-1.00628,0.321312,-0.52486,0.604913,-1.07398,-0.322972,0.514739,-0.612135,1.06095,-0.0691527,0.998758,-0.319969,-0.521808,-0.0713681,-1.00853,-0.614988,-1.06488,0.686964,1.00834,0.921847,0.436681,0.309333,0.519097,-0.318865,0.504437,-0.932532,0.431099,-0.689211,0.99922,0.316725,-0.523153,0.929963,-0.446305,0.689896,-1.01581,-0.320083,-0.522289,-0.697618,-1.01161,-0.932613,-0.439994,
0.32944,-0.520818,0.00101352,0.00272966,0.547095,-0.0194944,0.343669,0.520673,0.549992,0.014581,0.00354939,0.0046451,-0.344262,0.504878,-0.00596045,-0.0123438,-0.552365,-0.000484714,-0.351863,-0.527452,-0.563794,-0.023683,-0.0174949,-0.00767909,-0.316108,-0.533071,0.00386301,-0.00431324,0.301795,-0.545795,-0.31437,0.525271,0.303635,0.519342,-0.0105019,-0.012902,-0.580805,-0.00627458,-0.972902,0.374459,-0.367086,0.496739,0.378503,-0.512838,0.582392,-0.00576085,0.981825,-0.378791,0.967859,0.362166,0.565036,-0.00720192,0.365786,0.501716,-0.569027,0.00108248,-0.368518,-0.507341,-0.970934,-0.369281,-0.000665664,0.981446,0.306611,0.529473,-0.311418,0.531856,-0.0086334,-1.00183,-0.312346,-0.547452,0.305645,-0.554695,-0.573591,-0.00177293,-1.02575,-0.308774,-1.02299,0.309254,1.02197,-0.310454,0.573766,0.00228788,1.0271,0.307559,0.603916,1.06253,0.307772,0.520066,0.0601804,1.0073,0.0638113,-1.00776,0.322973,-0.526578,0.606072,-1.07596,-0.32554,0.514205,-0.610751,1.06249,-0.0682322,0.996378,-0.321364,-0.521435,-0.0708787,-1.00719,-0.614276,-1.06565,0.685996,1.00776,0.922166,0.436629,0.309468,0.517665,-0.31751,0.506083,-0.93079,0.429579,-0.690404,0.998948,0.317982,-0.518895,0.931906,-0.447731,0.686574,-1.01499,-0.319717,-0.522499,-0.697152,-1.0119,-0.932264,-0.440329,
0.330643,-0.519675,-0.000770128,0.00198719,0.545429,-0.0171158,0.340932,0.519602,0.550135,0.0146935,0.00375796,0.00164462,-0.343955,0.508712,-0.0109405,-0.0119295,-0.557196,0.00549501,-0.355195,-0.525968,-0.544627,-0.0133145,0.00184486,-0.0214999,-0.314122,-0.534583,0.0020304,-0.00353311,0.303857,-0.542854,-0.313003,0.522214,0.305022,0.52541,-0.00122301,-0.0114137,-0.574503,-0.00366889,-0.971478,0.371976,-0.367289,0.502059,0.375934,-0.509571,0.584044,-0.00421043,0.980353,-0.380558,0.966642,0.361909,0.564058,-0.00771824,0.364479,0.501071,-0.586696,-0.0022878,-0.378229,-0.5075,-0.982739,-0.378916,0.00059851,0.979884,0.304452,0.525602,-0.313542,0.532654,-0.00619357,-1.0001,-0.309734,-0.545611,0.308255,-0.553088,-0.574812,-0.00721254,-1.02955,-0.310381,-1.02157,0.307601,1.02301,-0.310654,0.573273,-0.00011061,1.0251,0.307376,0.602515,1.06529,0.311762,0.519919,0.0593532,1.00468,0.064059,-1.00892,0.319819,-0.525923,0.606787,-1.07329,-0.322014,0.513844,-0.611147,1.06007,-0.0681682,0.997849,-0.322438,-0.522337,-0.072073,-1.00815,-0.615485,-1.06648,0.685926,1.00749,0.921166,0.435974,0.3086,0.518008,-0.318393,0.502737,-0.9322,0.430573,-0.687792,0.998227,0.316406,-0.521621,0.929833,-0.446302,0.688349,-1.01521,-0.32004,-0.521668,-0.69679,-1.01159,-0.932702,-0.440355,
0.33048,-0.519984,-0.00121147,0.0015013,0.544998,-0.0173103,0.343304,0.516843,0.55045,0.0110874,0.00402425,0.000262553,-0.342917,0.507309,-0.0102681,-0.013566,-0.556511,0.00424271,-0.353231,-0.521969,-0.555012,-0.014049,-0.0085017,-0.00900916,-0.308795,-0.534278,0.014236,-0.00738394,0.309024,-0.550584,-0.310103,0.53124,0.307727,0.515344,-0.0149539,-0.0117643,-0.575154,-0.00869907,-0.969839,0.369351,-0.36487,0.49576,0.376321,-0.512382,0.579974,-0.00520883,0.97958,-0.378053,0.965818,0.36164,0.563731,-0.00852902,0.363468,0.499992,-0.579147,-0.00625756,-0.378489,-0.514622,-0.980946,-0.376739,-0.000601383,0.978829,0.306693,0.526868,-0.311337,0.529227,-0.00456496,-0.998839,-0.311554,-0.54667,0.306474,-0.549447,-0.576499,0.00155872,-1.02651,-0.308589,-1.02806,0.309443,1.02102,-0.309989,0.573187,0.00329631,1.02689,0.308017,0.603126,1.06222,0.307299,0.519582,0.0594228,1.00667,0.0637322,-1.00823,0.320867,-0.525959,0.606275,-1.07415,-0.324489,0.51329,-0.609755,1.06155,-0.0672287,0.995489,-0.32017,-0.522116,-0.0715235,-1.00881,-0.615138,-1.06522,0.685066,1.00684,0.921101,0.435658,0.308422,0.516839,-0.316167,0.510644,-0.928863,0.429589,-0.692711,1.00073,0.316126,-0.519899,0.929785,-0.446491,0.686529,-1.01464,-0.319909,-0.521627,-0.697058,-1.01124,-0.932504,-0.439815,
0.330577,-0.51747,0.00771061,0.00952481,0.553526,-0.0184791,0.343916,0.516281,0.549082,0.00971832,0.00261819,0.00103147,-0.346172,0.51282,-0.0117275,-0.0069037,-0.558029,0.00901919,-0.357168,-0.528888,-0.551856,-0.0182068,-0.00532865,-0.0207781,-0.312221,-0.544598,-0.00340507,-0.00924855,0.305813,-0.544365,-0.310618,0.518432,0.307398,0.513753,-0.00566235,-0.0191251,-0.569076,-0.00680652,-0.968354,0.36639,-0.364976,0.500186,0.374123,-0.509789,0.581292,-0.00404233,0.9783,-0.379652,0.964542,0.360464,0.561246,-0.00838582,0.362649,0.500788,-0.578121,-0.00534808,-0.377868,-0.513872,-0.980215,-0.375509,0.00736025,0.982156,0.301448,0.521493,-0.316254,0.541734,-0.0096828,-1.00228,-0.30573,-0.542874,0.312053,-0.560484,-0.577759,-0.00514579,-1.03178,-0.309385,-1.02526,0.308615,1.02327,-0.310456,0.573053,-0.000614129,1.0244,0.307577,0.601712,1.06459,0.310733,0.519342,0.0585259,1.0042,0.0636251,-1.00909,0.318183,-0.525461,0.606512,-1.07212,-0.318882,0.51375,-0.609762,1.05905,-0.0665867,0.998565,-0.323514,-0.522268,-0.0717987,-1.00738,-0.615046,-1.06722,0.684631,1.0064,0.920278,0.435054,0.307655,0.51665,-0.318967,0.504163,-0.932727,0.431609,-0.688681,0.999418,0.315219,-0.51999,0.928768,-0.44567,0.686356,-1.01418,-0.319067,-0.523132,-0.69751,-1.01175,-0.931443,-0.439699,
0.338665,-0.525067,0.00276733,-0.00628119,0.549111,-0.0206757,0.348476,0.520802,0.549963,0.0127652,0.00345055,0.00804145,-0.342651,0.511011,-0.014297,-0.0125818,-0.560375,0.00971779,-0.354999,-0.526471,-0.556573,-0.0184682,-0.010061,-0.0136515,-0.314704,-0.531979,0.013027,-0.00799603,0.302945,-0.553811,-0.312024,0.523485,0.305913,0.512518,-0.0125533,-0.0171477,-0.570802,-0.00938611,-0.966816,0.367272,-0.362297,0.495811,0.374118,-0.511486,0.578305,-0.00452862,0.977519,-0.377794,0.963453,0.361349,0.561929,-0.00942956,0.360894,0.498786,-0.577131,-0.0048453,-0.377347,-0.513554,-0.979566,-0.374635,0.00686019,0.979414,0.308706,0.523796,-0.309251,0.533575,-0.00709646,-1.00484,-0.312947,-0.551898,0.305072,-0.556229,-0.577102,-0.00226176,-1.02892,-0.309762,-1.02685,0.308269,1.0206,-0.310334,0.572741,0.00290705,1.02641,0.307673,0.602264,1.0617,0.306821,0.518859,0.0586004,1.00577,0.0652739,-1.00715,0.326325,-0.526993,0.607262,-1.07748,-0.328814,0.514903,-0.609408,1.06557,-0.0674638,0.994898,-0.318328,-0.522701,-0.0714073,-1.01028,-0.615218,-1.06475,0.683916,1.00573,0.91983,0.434495,0.307168,0.515805,-0.317325,0.507635,-0.930468,0.430037,-0.691098,0.999833,0.314461,-0.519363,0.92799,-0.444877,0.685732,-1.01345,-0.320624,-0.520459,-0.69623,-1.01126,-0.933474,-0.440575,
0.334401,-0.521442,0.0112553,0.00538168,0.557085,-0.0223323,0.345204,0.519598,0.550339,0.0130229,0.00387393,0.00437015,-0.343194,0.509176,-0.0147422,-0.0143556,-0.560824,0.00784296,-0.352419,-0.525466,-0.556611,-0.0185101,-0.0101314,-0.010873,-0.317309,-0.541119,-0.000409578,-0.010515,0.300657,-0.55026,-0.311867,0.521587,0.306121,0.514053,-0.00939759,-0.0173736,-0.567779,-0.00949219,-0.96655,0.364245,-0.362991,0.497223,0.372333,-0.509416,0.579055,-0.00348694,0.976395,-0.378746,0.962481,0.359441,0.55915,-0.00937155,0.360601,0.49982,-0.576817,-0.00394099,-0.376262,-0.512346,-0.97869,-0.374341,0.0039436,0.977576,0.305626,0.52185,-0.312327,0.53185,-0.00536251,-1.00211,-0.307011,-0.546362,0.310942,-0.556409,-0.576744,-0.00314395,-1.02981,-0.308802,-1.02522,0.309215,1.02247,-0.310704,0.572431,-0.000608256,1.02395,0.307329,0.601361,1.06477,0.311382,0.518993,0.0582866,1.00339,0.064443,-1.01052,0.320259,-0.527553,0.607164,-1.07496,-0.323181,0.51526,-0.609593,1.06292,-0.06693,0.997995,-0.327628,-0.52388,-0.0726519,-1.00729,-0.615484,-1.07078,0.683839,1.00568,0.918881,0.434088,0.306344,0.516334,-0.319805,0.502429,-0.93381,0.43197,-0.687826,0.998943,0.315779,-0.516942,0.929616,-0.445039,0.684967,-1.01259,-0.319007,-0.523792,-0.698398,-1.01167,-0.931221,-0.439171,
0.336232,-0.52144,0.00909544,0.00291472,0.55512,-0.0206541,0.34496,0.518006,0.546207,0.00987403,-0.000307551,0.00540796,-0.347376,0.510612,-0.0114048,-0.00812673,-0.55775,0.00619019,-0.354144,-0.529077,-0.554797,-0.0207102,-0.00827723,-0.0168831,-0.31533,-0.542638,-0.00225853,-0.00976626,0.302687,-0.54733,-0.311892,0.519817,0.30612,0.514566,-0.00743332,-0.0180219,-0.571115,-0.0109802,-0.966397,0.366445,-0.36163,0.493811,0.371821,-0.510168,0.577032,-0.00362419,0.97549,-0.377695,0.961382,0.360372,0.559874,-0.0104244,0.358817,0.497783,-0.575725,-0.00331561,-0.375816,-0.511975,-0.978069,-0.373204,0.00238367,0.976883,0.307339,0.523341,-0.31067,0.528892,-0.00421407,-1.00022,-0.311564,-0.548293,0.306466,-0.550576,-0.576018,-0.00153317,-1.02805,-0.308727,-1.02555,0.309302,1.02006,-0.310568,0.572003,0.00238706,1.02548,0.307442,0.601993,1.06149,0.306045,0.518918,0.0582772,1.00606,0.0651299,-1.00961,0.323678,-0.528104,0.607477,-1.07712,-0.321316,0.514575,-0.609552,1.06128,-0.0666757,0.998162,-0.320033,-0.524965,-0.0721404,-1.01205,-0.615842,-1.06761,0.683051,1.00502,0.91932,0.433935,0.306607,0.514866,-0.317913,0.505306,-0.931264,0.429371,-0.69035,0.998516,0.314004,-0.519375,0.92725,-0.442593,0.687122,-1.01207,-0.32199,-0.518376,-0.695833,-1.01052,-0.935122,-0.440692,
0.337919,-0.520126,0.00702498,0.00186534,0.553205,-0.0177809,0.342302,0.514084,0.554076,0.010249,0.00777241,-0.00558498,-0.343115,0.508843,-0.0152899,-0.0150811,-0.561345,0.00777014,-0.350867,-0.527632,-0.555153,-0.0207142,-0.0086749,-0.0129764,-0.314083,-0.542442,-0.00184508,-0.009081,0.30394,-0.546167,-0.314379,0.526725,0.303521,0.513862,-0.0165686,-0.0148234,-0.566302,-0.00985816,-0.965331,0.363605,-0.361864,0.496998,0.370939,-0.509243,0.576535,-0.00285524,0.974709,-0.37723,0.960538,0.358439,0.557393,-0.0105764,0.358588,0.498516,-0.575703,-0.00275373,-0.375049,-0.51112,-0.977504,-0.373232,0.000455549,0.975314,0.305241,0.521658,-0.312765,0.52744,-0.00455058,-0.998806,-0.308467,-0.544567,0.309527,-0.551532,-0.576457,-0.0045861,-1.0301,-0.309391,-1.02434,0.308616,1.02137,-0.310599,0.57153,-0.000204336,1.02326,0.307432,0.600613,1.06427,0.310075,0.51879,0.0574755,1.00345,0.0647018,-1.01175,0.319223,-0.528102,0.607593,-1.07474,-0.32102,0.513841,-0.608581,1.0609,-0.065783,0.997114,-0.324645,-0.52504,-0.071978,-1.00966,-0.615107,-1.07057,0.683113,1.00479,0.918249,0.43323,0.305698,0.515374,-0.317424,0.504871,-0.930855,0.429585,-0.689339,0.998475,0.31508,-0.51592,0.928923,-0.444073,0.684223,-1.0116,-0.319651,-0.523776,-0.699977,-1.01093,-0.931701,-0.43798,
0.344422,-0.526297,0.00239222,-0.0115336,0.548868,-0.0194444,0.344434,0.51332,0.53282,0.000280816,-0.0136339,0.00958062,-0.34257,0.506254,-0.0109703,-0.0152897,-0.557176,0.00361876,-0.351325,-0.52946,-0.553673,-0.0217652,-0.00716944,-0.0161147,-0.313475,-0.541524,-0.000898176,-0.00836244,0.304545,-0.545643,-0.314531,0.523978,0.303451,0.515896,-0.012539,-0.0152501,-0.575972,-0.00976217,-0.969307,0.369693,-0.363891,0.493944,0.369623,-0.508484,0.576052,-0.00243473,0.97361,-0.377463,0.968583,0.369056,0.573228,-0.00829349,0.36384,0.496538,-0.573923,-0.00264168,-0.374846,-0.511628,-0.976871,-0.371872,0.00195759,0.974586,0.305562,0.520138,-0.312428,0.527529,-0.00252447,-0.997592,-0.310347,-0.545991,0.307685,-0.547627,-0.576084,-0.00179666,-1.02778,-0.309485,-1.02596,0.308546,1.01928,-0.310484,0.570916,0.00204192,1.0241,0.307531,0.601333,1.06104,0.305395,0.51847,0.0576187,1.00561,0.0639671,-1.00996,0.321571,-0.527942,0.606446,-1.07641,-0.320589,0.513115,-0.607759,1.06038,-0.0650064,0.996205,-0.319128,-0.525295,-0.0720877,-1.01281,-0.615885,-1.06742,0.681964,1.004,0.918344,0.432955,0.305616,0.513765,-0.316762,0.504665,-0.93019,0.429346,-0.688704,0.998249,0.313283,-0.51867,0.926523,-0.44184,0.68644,-1.01134,-0.321028,-0.520713,-0.697907,-1.01054,-0.933668,-0.439239,
0.340742,-0.525125,0.00303173,-0.00751731,0.549422,-0.0200001,0.342866,0.507796,0.546817,0.000743537,0.000333427,-0.00663328,-0.341727,0.505779,-0.0130373,-0.0176028,-0.559129,0.00434681,-0.349032,-0.528036,-0.553536,-0.0212064,-0.00706142,-0.0132327,-0.312386,-0.541133,-0.00050886,-0.00756168,0.305639,-0.544441,-0.320237,0.534393,0.297548,0.516846,-0.0265404,-0.00939786,-0.570455,-0.00779953,-0.968174,0.367057,-0.364245,0.498339,0.369706,-0.508819,0.57475,-0.00220692,0.973331,-0.376147,0.966276,0.36562,0.564747,-0.00515378,0.363718,0.503064,-0.573784,-0.00212697,-0.373184,-0.510515,-0.975625,-0.372562,0.000810844,0.973587,0.306206,0.52034,-0.311808,0.525292,-0.00435615,-0.996545,-0.307582,-0.541845,0.310401,-0.54975,-0.577137,-0.00552929,-1.03138,-0.309447,-1.02441,0.308548,1.02406,-0.312076,0.572643,-0.00398143,1.02279,0.305956,0.599357,1.06257,0.307457,0.517815,0.0560693,1.0031,0.0638435,-1.01151,0.317875,-0.527606,0.606799,-1.07395,-0.319951,0.512394,-0.607086,1.05968,-0.0643376,0.995467,-0.322272,-0.524957,-0.0713309,-1.01047,-0.614673,-1.06945,0.681833,1.00352,0.917335,0.432111,0.304732,0.513863,-0.31618,0.504044,-0.929657,0.429136,-0.687791,0.997877,0.313602,-0.516934,0.927243,-0.443372,0.68413,-1.01158,-0.320181,-0.521601,-0.697976,-1.01072,-0.932668,-0.438981,
0.337476,-0.523891,0.00348194,-0.00387736,0.549769,-0.0202742,0.340769,0.50726,0.546768,0.00103604,0.000318946,-0.00854976,-0.347024,0.50684,-0.0194903,-0.0172664,-0.565533,0.00588863,-0.351171,-0.532231,-0.551138,-0.0235943,-0.00461356,-0.0205044,-0.313579,-0.537015,0.00411059,-0.00688386,0.304373,-0.547077,-0.32115,0.491777,0.296833,0.499786,-0.0052231,-0.0394068,-0.569703,-0.00886018,-0.967243,0.366186,-0.363251,0.497179,0.368218,-0.509128,0.573321,-0.00253995,0.971859,-0.376526,0.965717,0.364201,0.563415,-0.00573348,0.363449,0.502904,-0.572679,-0.0019972,-0.37314,-0.510802,-0.975292,-0.371593,0.00989683,1.00174,0.303503,0.540771,-0.314178,0.561658,-0.00307534,-0.995503,-0.311025,-0.543988,0.307007,-0.545451,-0.576572,-0.00263042,-1.02861,-0.309816,-1.0261,0.308213,1.02067,-0.312129,0.572569,0.000770236,1.02601,0.305882,0.599525,1.06054,0.305061,0.517163,0.0559635,1.00363,0.063281,-1.00922,0.321855,-0.527723,0.605625,-1.07676,-0.32068,0.512058,-0.606799,1.05987,-0.064171,0.994657,-0.320436,-0.524293,-0.0710744,-1.01062,-0.614605,-1.06783,0.680478,1.00286,0.917005,0.431873,0.304256,0.512526,-0.315481,0.503764,-0.928934,0.428662,-0.687248,0.99748,0.312279,-0.518768,0.92554,-0.442105,0.685302,-1.01154,-0.319795,-0.521207,-0.696875,-1.01088,-0.932402,-0.439481,
